	Gene	SRR7218579	SRR7218580	SRR7218581	SRR7218582	SRR7218583	SRR7218584	SRR7218585	SRR7218586	baseMean	log2FoldChange	lfcSE	pvalue	padj
1	hsa-let-7a-5p&iso_3p:-1&iso-21-XKVLRYVPE	2.96063330346663	6.74517194725607	2.27551463801053	0	3.72591425369088	7.94800243107744	25.6340617259222	23.9333517847677	9.15283126052393	-1.38211409877428	1.03499462586584	0.0220868710210457	0.0948936321154892
2	hsa-let-7a-5p&iso_3p:-2&iso-20-XKVLRYVP	4.44094995519994	3.70984457099084	0	0	5.08079216412392	9.9350030388468	13.1456726799601	17.551124642163	6.73292338141057	-1.28940324651578	1.04131064927038	0.0297542779392422	0.100521209254197
3	hsa-let-7b-5p&iso_3p:-1&iso-21-XKVLRY98E	44.4094995519994	50.5887896044205	9.10205855204211	7.67045884487023	52.5015190292806	79.4800243107744	164.978192133499	186.680143921188	74.4263357435093	-1.51650706149826	0.748977145011631	0.00597393327879461	0.0564422116652268
4	hsa-let-7b-5p&iso_3p:-2&iso-20-XKVLRY98	0	2.02355158417682	2.27551463801053	0	2.70975582086609	3.97400121553872	13.1456726799601	6.38222714260472	3.81384038514462	-0.669913140638924	0.902063796069152	0.125122570601211	NA
5	hsa-let-7b-5p&iso_3p:-3&iso-19-XKVLRYK0	0	4.38436176571644	0	0	1.35487791043305	5.96100182330808	5.25826907198404	1.59555678565118	2.3192584196366	-0.237747104753752	0.717185656690685	0.491032724212394	NA
6	hsa-let-7b-5p&iso_add3p:1&iso-22-XKVLRY98P	0	0.337258597362803	0	0	0.677438955216523	0	4.60098543798604	0	0.701960373820671	-0.20011730410559	0.777440899872278	0.439553223143111	NA
7	hsa-let-7b-5p&iso_add3p:2&iso-24-XKVLRY98KI	0	1.01177579208841	0	0	2.03231686564957	0	14.4602399479561	6.38222714260472	2.98581996853735	-0.757435724365081	1.11556371407246	0.0775144140121118	NA
8	hsa-let-7b-5p&iso_snv_seed,iso_3p:-1&iso-21-9KVLRY98E	0	1.34903438945121	0	0	1.35487791043305	0	0.657283633998005	1.59555678565118	0.619594089941681	0.0411672643477917	0.736037365735772	0.867589575380115	NA
9	hsa-let-7d-5p&iso_3p:-1&iso-21-FKVLRYJPE	0	2.36081018153962	0	0	0.338719477608262	1.98700060776936	5.25826907198404	4.78667035695354	1.84143371198185	-0.43708328288275	0.836642825596555	0.218391607680488	NA
10	hsa-let-7f-5p&iso_3p:-1&iso-21-XKVL5YVPE	1.48031665173331	5.73339615516766	0	0	1.01615843282479	3.97400121553872	19.7185090199402	11.1688974995583	5.38640987184536	-1.06178134417924	1.1579360381396	0.0510746108614575	NA
11	hsa-let-7f-5p&iso_3p:-2&iso-20-XKVL5YVP	4.44094995519994	1.68629298681402	0	0	1.35487791043305	1.98700060776936	3.94370180398803	14.3600110708606	3.47160429188313	-1.43972438447693	1.39981325746417	0.0256415692218679	NA
12	hsa-let-7g-5p&iso_3p:-1&iso-21-XKVL7YUPE	11.8425332138665	20.2355158417682	9.10205855204211	0	14.9036570147635	31.7920097243098	44.6952871118644	49.4622603551866	22.7541652267251	-0.978240527750092	0.815634786878556	0.0531022041382054	0.140989235441353
13	hsa-let-7g-5p&iso_3p:-2&iso-20-XKVL7YUP	5.92126660693326	2.69806877890243	0	0	0.677438955216523	1.98700060776936	2.62913453599202	6.38222714260472	2.53689207842729	-0.669937130396209	0.946491090104202	0.119339579225521	NA
14	hsa-let-7g-5p&iso_snv_seed,iso_3p:-1&iso-21-98VL7YUPE	0	1.34903438945121	0	0	1.01615843282479	0	1.31456726799601	1.59555678565118	0.659414609490399	-0.0217581464278243	0.731254836173787	0.9435156887132	NA
15	hsa-let-7i-5p&iso_3p:-1&iso-21-XKVL7YXYE	51.811082810666	44.51813485189	15.9286024660737	7.67045884487023	46.0658489547236	95.3760291729293	88.0760069557327	41.4844764269307	48.866330060477	-0.873387768460873	0.620403905629553	0.0543397751146088	0.140989235441353
16	hsa-let-7i-5p&iso_3p:-2&iso-20-XKVL7YXY	13.3228498655998	12.4785681024237	4.55102927602105	2.55681961495674	23.3716439549701	29.8050091165404	13.1456726799601	28.7200221417212	15.9939518440241	-0.501373669545867	0.615889638714469	0.236834439437877	0.344236103834123
17	hsa-let-7i-5p&iso_3p:-3&iso-19-XKVL7YJW	8.88189991039988	10.1177579208841	4.55102927602105	1.27840980747837	17.6134128356296	49.675015194234	26.9486289939182	70.2044985686519	23.6588315634021	-1.60162810989491	0.854709105805419	0.00720421735390036	0.0600351446158364
18	hsa-let-7i-5p&iso_add3p:1&iso-22-XKVL7YXYP	0	2.36081018153962	2.27551463801053	0	0.677438955216523	1.98700060776936	9.20197087597208	4.78667035695354	2.66117570193271	-0.507261421906604	0.841504197544941	0.184900814254388	NA
19	hsa-let-7i-5p&iso_add3p:2&iso-22-XKVL7YXYH	2.96063330346663	1.68629298681402	0	0	2.03231686564957	1.98700060776936	1.97185090199402	3.19111357130236	1.72865102962449	-0.289234072711016	0.735942479999611	0.407889514514906	NA
20	hsa-let-7i-5p&iso_add3p:2&iso-24-XKVL7YXYKI	2.96063330346663	0.337258597362803	0	0.639204903739186	0	1.98700060776936	4.60098543798604	0	1.3156353562905	-0.59868373070942	1.02350530947903	0.0868406320371895	NA
21	hsa-miR-100-5p&iso_3p:-2&iso-20-BRS28UEY	0	1.68629298681402	0	0.639204903739186	2.70975582086609	0	1.31456726799601	0	0.793727622426913	0.198132264062462	0.762436353880808	0.51948818322636	NA
22	hsa-miR-100-5p&iso_5p:+3&iso-19-3L5ROIK0	8.88189991039988	14.1648610892377	4.55102927602105	11.5056882673054	1.01615843282479	3.97400121553872	2.62913453599202	3.19111357130236	6.23923578732774	0.329875521250399	0.65446811010222	0.40928122222897	NA
23	hsa-miR-106b-3p&NA&iso-22-3FN4R5ZIM	4.44094995519994	0.337258597362803	4.55102927602105	0.639204903739186	1.01615843282479	0	1.97185090199402	3.19111357130236	2.01844570480552	-0.227540339033397	0.717763203329763	0.476910660755422	NA
24	hsa-miR-106b-3p&iso_3p:-1&iso-21-3FN4R5ZI0	4.44094995519994	2.69806877890243	2.27551463801053	5.75284413365268	4.74207268651566	5.96100182330808	1.31456726799601	1.59555678565118	3.59757200865456	0.127739896167556	0.629881360278457	0.733110379194415	NA
25	hsa-miR-106b-3p&iso_3p:-2&iso-20-3FN4R5ZI	7.40158325866657	3.37258597362803	2.27551463801053	3.19602451869593	7.79054798499002	19.8700060776936	6.57283633998006	0	6.30988734895809	-0.388174859046285	0.670503418925065	0.338099117172546	NA
26	hsa-miR-106b-3p&iso_3p:-3&iso-19-3FN4R5KM	2.96063330346663	2.02355158417682	2.27551463801053	0	1.69359738804131	1.98700060776936	1.31456726799601	3.19111357130236	1.93074729509538	-0.171002289505989	0.691478434643707	0.611752530705609	NA
27	hsa-miR-106b-3p&iso_add3p:1&iso-22-3FN4R5ZIN	1.48031665173331	0.674517194725607	2.27551463801053	0	1.01615843282479	0	3.28641816999003	1.59555678565118	1.29106023411693	-0.197383819001066	0.730461623874171	0.49816516806618	NA
28	hsa-miR-107&iso_3p:-2&iso-21-FPJYUP6XE	0	0	0	0	2.37103634325783	0	0.657283633998005	3.19111357130236	0.777429193569775	-0.051603067999515	0.737945002795839	0.853578126876573	NA
29	hsa-miR-10a-5p&NA&iso-23-UR9PHSDZ00	4.44094995519994	0.674517194725607	0	0	0.677438955216523	5.96100182330808	1.31456726799601	1.59555678565118	1.83300399776217	-0.847761116958157	1.22346971105868	0.0600963433807941	NA
30	hsa-miR-10a-5p&iso_3p:-1&iso-22-UR9PHSDZN	5.92126660693326	5.73339615516766	0	0.639204903739186	6.77438955216523	7.94800243107744	22.3476435559322	12.7644542852094	7.76604468627805	-1.00150413027576	0.884007515775309	0.0576621418181777	0.141008160833936
31	hsa-miR-10a-5p&iso_3p:-2&iso-21-UR9PHSDZ0	0	0.337258597362803	0	0	1.69359738804131	1.98700060776936	0.657283633998005	3.19111357130236	0.98328172480923	-0.174597811558042	0.744088811795865	0.551703967135311	NA
32	hsa-miR-10a-5p&iso_5p:+1&iso-22-07S28UIYP	0	0.337258597362803	2.27551463801053	0	1.69359738804131	1.98700060776936	1.97185090199402	0	1.03315276664725	-0.0152547397066207	0.717305109096087	0.943166731390262	NA
33	hsa-miR-10a-5p&iso_snv&iso-24-UR9PHSDZ2H	0	2.02355158417682	0	0	0.338719477608262	0	1.97185090199402	1.59555678565118	0.741209843678785	-0.0599663169084563	0.731493422575814	0.841979512838606	NA
34	hsa-miR-10b-5p&NA&iso-23-UR9PBSDZ00	0	0.337258597362803	4.55102927602105	0	2.03231686564957	5.96100182330808	9.20197087597208	0	2.7604471797892	-0.332212488856346	0.767243862591976	0.311426713081319	NA
35	hsa-miR-10b-5p&iso_3p:-1&iso-22-UR9PBSDZN	13.3228498655998	8.43146493407008	2.27551463801053	1.27840980747837	20.661888134104	11.9220036466162	50.6108398178464	54.2489307121401	20.3439876944832	-1.30027189005819	0.874355042855549	0.0214107600479304	0.0948936321154892
36	hsa-miR-10b-5p&iso_3p:-2&iso-21-UR9PBSDZ0	1.48031665173331	2.36081018153962	4.55102927602105	0	1.69359738804131	7.94800243107744	9.20197087597208	12.7644542852094	5.00002263619928	-1.05642273962429	1.05402723459839	0.0442835875305455	NA
37	hsa-miR-10b-5p&iso_5p:+1&iso-22-07S20UIYP	0	0.337258597362803	0	0	0.677438955216523	7.94800243107744	9.20197087597208	9.57334071390708	3.46725144669199	-3.22085816427685	1.6043169484863	0.00231532897249873	NA
38	hsa-miR-10b-5p&iso_snv&iso-24-UR9PBSDZ2H	0	2.36081018153962	0	0	3.04847529847435	3.97400121553872	5.91555270598205	7.9777839282559	2.90957791622383	-0.453362802850464	0.79420922762285	0.242859083280874	NA
39	hsa-miR-1180-3p&iso_3p:-1&iso-21-ZR69Q4RW0	0	1.01177579208841	0	1.27840980747837	1.35487791043305	3.97400121553872	1.31456726799601	0	1.11670399919182	-0.0513356735381559	0.709793302966551	0.865580713540909	NA
40	hsa-miR-122-5p&NA&iso-22-909U247NP	775.685925508257	13121.0457303999	5941.36871984548	10253.4858608803	7250.96785716006	741.151226697971	4877.7018478992	4462.77232946635	5928.02243723218	1.37063448657645	0.684014267022176	0.00776345388946653	0.0606519835114573
41	hsa-miR-122-5p&iso_3p:+1&iso-23-909U247N0N	93.2599490591988	1501.4752754592	680.378876765147	1105.18527856505	804.120039842013	77.493023703005	889.304756799301	920.636265320731	758.981683189206	0.628856663670162	0.636439756116984	0.152640881137032	0.247793638209467
42	hsa-miR-122-5p&iso_3p:-1&iso-21-909U247NE	59.2126660693326	1088.67075228713	254.857639457179	701.846984305626	598.856036411407	35.7660109398485	387.140060424825	362.191390342818	436.067692529771	1.17709601667375	0.740723555551718	0.0227744717077174	0.0948936321154892
43	hsa-miR-122-5p&iso_3p:-1,iso_add3p:4&iso-21-909U247ZE	0	0.674517194725607	0	0	1.35487791043305	0	2.62913453599202	1.59555678565118	0.781760803350232	-0.120681696023149	0.738338369126637	0.680787947654795	NA
44	hsa-miR-122-5p&iso_3p:-2&iso-20-909U247N	22.2047497759997	283.634480382118	79.6430123303684	150.213152378709	150.391448058068	9.9350030388468	130.142159531605	111.688974995583	117.231622561412	0.821647811718423	0.673141700885577	0.0771064141178639	0.163361046859881
45	hsa-miR-122-5p&iso_3p:-3&iso-19-909U242N	16.2834831690665	261.712671553535	59.1633805882737	26.2074010533066	105.003038058561	13.9090042543855	40.7515853078763	52.6533739264889	71.9604922389368	1.41802358538066	0.753365200097572	0.00920082926876025	0.063894647699724
46	hsa-miR-122-5p&iso_5p:+1&iso-21-637DD89Z0	0	6.74517194725607	6.82654391403158	7.03125394113105	6.09695059694871	0	8.54468724197407	1.59555678565118	4.60502055337408	0.449973441190529	0.724399300411943	0.284772033828989	NA
47	hsa-miR-122-5p&iso_5p:+3&iso-19-1WOO94KP	2.96063330346663	34.4003769310059	13.6530878280632	23.6505814383499	19.9844491788874	0	9.20197087597208	3.19111357130236	13.3802766408809	1.93201103226698	0.845474221997855	0.00282142748452168	0.0391864928405788
48	hsa-miR-122-5p&iso_add3p:1&iso-22-909U247NO	0	8.43146493407008	2.27551463801053	4.4744343261743	3.38719477608262	0	0.657283633998005	3.19111357130236	2.80212573495474	0.830932093044538	1.07333453313663	0.0803581036259263	NA
49	hsa-miR-122-5p&iso_add3p:1&iso-22-909U247NQ	16.2834831690665	173.350919044481	25.0306610181158	99.0767600795739	89.7606615661893	1.98700060776936	74.2730506417746	57.4400442834425	67.1503225513016	0.824581431079779	0.726781430912415	0.0829030403751929	0.16659180023631
50	hsa-miR-122-5p&iso_add3p:1&iso-23-909U247N0L	8.88189991039988	247.210551866935	91.0205855204211	152.130767089926	136.842668953738	9.9350030388468	88.7332905897307	68.6089417830007	100.420463594125	1.37312693922423	0.740979264065462	0.0103942874152388	0.0649642963452422
51	hsa-miR-122-5p&iso_add3p:1&iso-23-909U247N0M	13.3228498655998	195.609986470426	75.0919830543474	139.985873918882	104.664318580953	9.9350030388468	141.973264943569	95.7334071390708	97.0395858764618	0.569361871463405	0.624114219770735	0.188153901943042	0.28681997247415
52	hsa-miR-122-5p&iso_add3p:2&iso-22-909U247NI	1.48031665173331	61.0438061226674	27.3061756561263	24.9289912458283	22.6942049997535	1.98700060776936	10.5165381439681	11.1688974995583	20.1407413659256	1.94390659944147	0.791226360076453	0.00159010143465349	0.0248453349164607
53	hsa-miR-122-5p&iso_add3p:2&iso-22-909U247NN	0	3.03532737626523	0	0.639204903739186	1.69359738804131	0	1.31456726799601	0	0.835337117005217	0.214102195479639	0.766819584697159	0.486246023201143	NA
54	hsa-miR-122-5p&iso_add3p:2&iso-24-909U247NJU	0	4.38436176571644	0	0.639204903739186	3.72591425369088	1.98700060776936	3.28641816999003	3.19111357130236	2.15175165902603	0.0431847793992549	0.668961940549014	0.902628086327134	NA
55	hsa-miR-122-5p&iso_snv&iso-22-109U247NP	0	5.73339615516766	4.55102927602105	5.75284413365268	2.70975582086609	3.97400121553872	9.85925450997008	1.59555678565118	4.27197973710843	0.0612277116072338	0.620601390446313	0.87377911730911	NA
56	hsa-miR-122-5p&iso_snv&iso-22-909U2473P	0	2.69806877890243	0	2.55681961495674	1.35487791043305	0	1.97185090199402	0	1.07270215078578	0.225975522162961	0.756254769209862	0.47109782314231	NA
57	hsa-miR-122-5p&iso_snv&iso-22-909U2474H	0	1.68629298681402	0	2.55681961495674	0	0	0.657283633998005	0	0.612549529471096	0.177975823123357	0.775292568143212	0.535671751368856	NA
58	hsa-miR-122-5p&iso_snv&iso-22-909U2474P	1.48031665173331	5.39613755780485	0	5.11363922991349	2.70975582086609	1.98700060776936	1.97185090199402	1.59555678565118	2.53178219446654	0.319066220496918	0.708613816797094	0.402499392761411	NA
59	hsa-miR-122-5p&iso_snv&iso-22-909U247EP	0	2.36081018153962	2.27551463801053	2.55681961495674	1.35487791043305	0	1.31456726799601	1.59555678565118	1.43226829982339	0.294217761271636	0.753329580517037	0.385412160423027	NA
60	hsa-miR-122-5p&iso_snv&iso-22-909U247IP	0	27.3179463863871	2.27551463801053	28.1250157645242	23.3716439549701	0	9.85925450997008	14.3600110708606	13.1636732905903	0.923919331269981	0.894903004782142	0.0697870845885011	0.154023992654458
61	hsa-miR-122-5p&iso_snv&iso-22-909U247LH	1.48031665173331	9.10598212879569	0	2.55681961495674	2.03231686564957	0	1.31456726799601	0	2.06125031614142	0.551521127779194	0.90487092080676	0.157496990365508	NA
62	hsa-miR-122-5p&iso_snv&iso-22-909U247LP	0	2.69806877890243	2.27551463801053	3.83522942243512	1.35487791043305	1.98700060776936	1.31456726799601	1.59555678565118	1.88260192639971	0.276338991454343	0.722117051138446	0.431595698978687	NA
63	hsa-miR-122-5p&iso_snv&iso-22-909U247MP	0	21.9218088285822	20.4796317420947	21.0937618233931	15.9198154475883	0	9.85925450997008	11.1688974995583	12.5553962313983	1.18784646235556	0.862388740630788	0.0312099802351699	0.102664408668322
64	hsa-miR-122-5p&iso_snv&iso-22-909U247NH	1.48031665173331	9.10598212879569	0	3.19602451869593	6.77438955216523	0	1.97185090199402	0	2.81607046917302	0.790056709416184	1.05576094631475	0.0938904998292631	NA
65	hsa-miR-122-5p&iso_snv&iso-22-909U247NK	0	6.07065475253046	6.82654391403158	7.03125394113105	4.4033532089074	0	6.57283633998006	1.59555678565118	4.06252486777897	0.500572917201601	0.756977105602367	0.240562326609389	NA
66	hsa-miR-122-5p&iso_snv&iso-22-M09U247NP	0	48.5652380202437	11.3775731900526	37.0738844168728	27.7749971638775	3.97400121553872	20.3757926539382	19.1466814278142	21.0360210110422	0.911254752259709	0.772136762548496	0.0663440138234075	0.153574106072703
67	hsa-miR-122-5p&iso_snv&iso-22-R09U247NP	0	51.2633067991461	20.4796317420947	40.2699089355687	34.8881061936509	0	25.6340617259222	15.9555678565118	23.5613229066118	1.08231140354132	0.873045153907409	0.0430502471707919	0.121003357323337
68	hsa-miR-122-5p&iso_snv&iso-22-Z09U247NP	0	6.40791334989326	4.55102927602105	6.39204903739186	2.70975582086609	0	3.28641816999003	3.19111357130236	3.31728490318308	0.539358252174443	0.795328046048361	0.205061086756151	NA
69	hsa-miR-122-5p&iso_snv&iso-23-909U24740H	0	8.76872353143289	4.55102927602105	3.19602451869593	3.38719477608262	0	0	1.59555678565118	2.68731611098546	1.81514600049611	2.05850145751015	0.0130828961920512	NA
70	hsa-miR-122-5p&iso_snv&iso-23-909U247I0H	1.48031665173331	7.41968914198167	2.27551463801053	0.639204903739186	5.08079216412392	0	0.657283633998005	0	2.19410014169833	0.784931776694147	1.12582461204471	0.0738497409412393	NA
71	hsa-miR-122-5p&iso_snv&iso-23-909U247L0H	0	3.03532737626523	2.27551463801053	0	1.69359738804131	0	0.657283633998005	0	0.957715379539384	0.328105037968859	0.825375329108918	0.28251012091298	NA
72	hsa-miR-122-5p&iso_snv&iso-23-909U247M0H	0	5.05887896044205	0	1.91761471121756	2.37103634325783	0	0	0	1.16844125186468	0.549361875170342	1.02523933775856	0.0824550726465017	NA
73	hsa-miR-122-5p&iso_snv&iso-23-909U247N0P	0	9.7804993235213	0	3.19602451869593	3.38719477608262	0	0.657283633998005	1.59555678565118	2.32706987974363	0.844683015030224	1.19712071170347	0.0619345897799754	NA
74	hsa-miR-122-5p&iso_snv_central&iso-22-9098247NP	1.48031665173331	62.7300991094814	27.3061756561263	59.4460560477443	32.1783503727849	5.96100182330808	17.7466581179462	3.19111357130236	26.2549714188034	2.18604541273275	0.776086127753988	0.000540639951724013	0.0135159987931003
75	hsa-miR-122-5p&iso_snv_central&iso-22-909U2Y7NP	0	3.03532737626523	2.27551463801053	1.91761471121756	1.35487791043305	1.98700060776936	1.97185090199402	0	1.56777326821122	0.227459335558932	0.721749708828411	0.498383912637223	NA
76	hsa-miR-122-5p&iso_snv_central&iso-22-909U447NP	0	16.1884126734146	2.27551463801053	11.5056882673054	10.1615843282478	0	5.25826907198404	6.38222714260472	6.47146201519588	0.87339221076332	0.899505387263139	0.0839622673191004	0.16659180023631
77	hsa-miR-122-5p&iso_snv_central&iso-22-909UJ47NP	1.48031665173331	37.4357043072712	20.4796317420947	30.0426304757417	17.6134128356296	1.98700060776936	13.8029563139581	14.3600110708606	17.1502080006323	1.17737688909572	0.762653037419823	0.0256118371429354	0.0993402680273261
78	hsa-miR-122-5p&iso_snv_central&iso-22-909UJY7NP	0	5.39613755780485	2.27551463801053	5.11363922991349	3.38719477608262	0	1.31456726799601	3.19111357130236	2.58477088013873	0.597997911775626	0.872367143036112	0.157408985295147	NA
79	hsa-miR-122-5p&iso_snv_central&iso-22-909UL47NP	1.48031665173331	67.7889780699235	20.4796317420947	49.2187775879173	32.1783503727849	1.98700060776936	28.9204798959122	15.9555678565118	27.2511378480809	1.20424432542839	0.806280279318063	0.0259683157842541	0.0993402680273261
80	hsa-miR-122-5p&iso_snv_central&iso-22-909UO47NP	0	8.43146493407008	0	10.8664833635662	8.12926746259828	0	1.31456726799601	0	3.59272287852882	2.40124437144275	1.78020137751849	0.0106218956683329	NA
81	hsa-miR-122-5p&iso_snv_central&iso-22-909UU47NP	1.48031665173331	17.5374470628658	4.55102927602105	8.30966374860942	11.8551817162892	3.97400121553872	1.31456726799601	3.19111357130236	6.52666506379448	1.48008605209904	1.01370642425512	0.0170846902471449	0.0889827617038797
82	hsa-miR-122-5p&iso_snv_central&iso-22-909V247NP	0	20.572774439131	11.3775731900526	14.7017127860013	11.5164622386809	0	9.85925450997008	3.19111357130236	8.90236134189228	1.20869329140413	0.944591563334446	0.035940518877383	0.112314121491822
83	hsa-miR-122-5p&iso_snv_central&iso-22-909W247NP	4.44094995519994	62.0555819147558	27.3061756561263	39.6307040318295	34.5493867160427	3.97400121553872	24.3194944579262	27.1244653560701	27.9250949129362	0.992406608268549	0.680806829576278	0.0407154826353365	0.121003357323337
84	hsa-miR-122-5p&iso_snv_central,iso_3p:-2&iso-20-909UL47N	0	1.68629298681402	0	0	2.03231686564957	0	0	1.59555678565118	0.664270829764346	0.126996280137265	0.755945233294572	0.580475670392353	NA
85	hsa-miR-122-5p&iso_snv_central_offset&iso-22-9096247NP	0	1.68629298681402	0	1.91761471121756	0	0	1.31456726799601	0	0.614809370753448	0.104700270844213	0.751345554314117	0.723230520316778	NA
86	hsa-miR-122-5p&iso_snv_central_offset&iso-22-909O247NP	0	15.513895478689	0	10.8664833635662	7.79054798499002	1.98700060776936	6.57283633998006	3.19111357130236	5.74023466828711	0.650840983838302	0.812972608170191	0.154683071173369	NA
87	hsa-miR-122-5p&iso_snv_central_offset&iso-22-909X247NP	0	3.37258597362803	0	3.83522942243512	0.338719477608262	0	1.31456726799601	4.78667035695354	1.70597156232762	0.0812195397486873	0.698309215834644	0.797468324731524	NA
88	hsa-miR-122-5p&iso_snv_central_supp&iso-22-909U207NP	0	10.4550165182469	6.82654391403158	7.67045884487023	4.74207268651566	0	4.60098543798604	3.19111357130236	4.6857738716191	0.816780454057937	0.897944145580323	0.0991204812261117	NA
89	hsa-miR-122-5p&iso_snv_central_supp&iso-22-909U245NP	0	8.76872353143289	6.82654391403158	7.67045884487023	5.41951164173219	0	3.94370180398803	4.78667035695354	4.67695126162606	0.727443826012227	0.842087341516133	0.123573780498833	NA
90	hsa-miR-122-5p&iso_snv_central_supp&iso-22-909U24INP	1.48031665173331	10.4550165182469	2.27551463801053	10.8664833635662	7.45182850738176	3.97400121553872	5.91555270598205	6.38222714260472	6.10011759288302	0.403929934615566	0.63991479462635	0.33506318349134	NA
91	hsa-miR-122-5p&iso_snv_central_supp&iso-22-909U24QNP	0	38.4474800993596	11.3775731900526	22.3721716308715	13.5487791043305	1.98700060776936	17.0893744839481	6.38222714260472	13.9005757823671	0.996777236751339	0.836476835781931	0.0562230312046774	0.140989235441353
92	hsa-miR-122-5p&iso_snv_central_supp&iso-22-909U24RNP	0	4.38436176571644	2.27551463801053	6.39204903739186	2.70975582086609	0	3.28641816999003	0	2.38101242899687	0.544411502116609	0.865580896339856	0.185300210158454	NA
93	hsa-miR-122-5p&iso_snv_central_supp&iso-22-909U24SNP	0	13.1530852971493	0	4.4744343261743	6.09695059694871	1.98700060776936	0.657283633998005	3.19111357130236	3.69498350416776	0.860022488284192	1.06256977520657	0.0747472545398513	NA
94	hsa-miR-122-5p&iso_snv_central_supp&iso-22-909U2H7NP	1.48031665173331	31.3650495547407	11.3775731900526	17.8977373046972	10.8390232834644	1.98700060776936	4.60098543798604	12.7644542852094	11.5390175394566	1.20183119404385	0.837116504943552	0.0274082855218075	0.100521209254197
95	hsa-miR-122-5p&iso_snv_central_supp&iso-22-909U2K7NP	0	3.03532737626523	0	2.55681961495674	2.03231686564957	0	0.657283633998005	0	1.03521843635869	0.408983387285295	0.869035352619548	0.207943009309519	NA
96	hsa-miR-122-5p&iso_snv_central_supp&iso-22-909U2L7NP	0	11.1295337129725	0	12.1448931710445	8.46798694020654	1.98700060776936	5.25826907198404	7.9777839282559	5.87068342902911	0.452085060665852	0.709585808824323	0.280413024282081	NA
97	hsa-miR-122-5p&iso_snv_central_supp&iso-22-909U2N7NP	0	1.68629298681402	0	1.27840980747837	1.69359738804131	0	0.657283633998005	0	0.664447977041463	0.238897152573335	0.787575614007708	0.43547756827009	NA
98	hsa-miR-122-5p&iso_snv_seed&iso-22-901U247NP	0	11.1295337129725	11.3775731900526	7.67045884487023	6.77438955216523	0	2.62913453599202	4.78667035695354	5.54597002412577	1.31262192697657	1.06217821800337	0.0298502990204847	NA
99	hsa-miR-122-5p&iso_snv_seed&iso-22-9092247NP	1.48031665173331	5.73339615516766	0	2.55681961495674	0.677438955216523	0	0	3.19111357130236	1.70488561854707	0.221544482691611	0.734361490811545	0.479396002531636	NA
100	hsa-miR-122-5p&iso_snv_seed&iso-22-90MU247NP	7.40158325866657	36.4239285151828	11.3775731900526	35.1562697056552	23.0329244773618	1.98700060776936	13.8029563139581	7.9777839282559	17.1450024996128	1.26725212600745	0.725559495379204	0.0164749423704188	0.0889827617038797
101	hsa-miR-122-5p&iso_snv_seed&iso-22-90RU247NP	2.96063330346663	41.4828074756248	13.6530878280632	25.5681961495674	17.6134128356296	0	14.4602399479561	20.7422382134653	17.0600769692216	0.789958433080326	0.729143528097869	0.0958859414835466	0.184396041314513
102	hsa-miR-122-5p&iso_snv_seed&iso-22-90VU247NP	0	15.513895478689	4.55102927602105	7.03125394113105	4.06463373129914	0	5.25826907198404	4.78667035695354	5.15071898200972	0.666379532861295	0.823824414111088	0.147029836312544	NA
103	hsa-miR-122-5p&iso_snv_seed&iso-22-90X2247NP	0	10.1177579208841	2.27551463801053	8.30966374860942	7.45182850738176	0	6.57283633998006	3.19111357130236	4.73983934077103	0.578514490643292	0.781238488978352	0.193504032541731	NA
104	hsa-miR-122-5p&iso_snv_seed&iso-22-90XU247NP	1.48031665173331	40.1337730861736	20.4796317420947	37.713089320612	26.0813997758361	0	16.4320908499501	23.9333517847677	20.781706651396	0.959437272471422	0.780606480685247	0.0563956941765413	0.140989235441353
105	hsa-miR-122-5p&iso_snv_seed&iso-22-949U247NP	4.44094995519994	76.8949601987192	36.4082342081684	71.5909492187889	53.8563969397136	5.96100182330808	34.8360326018943	15.9555678565118	37.493011600288	1.51695152269913	0.706411930871457	0.00505367445400725	0.0526424422292422
106	hsa-miR-122-5p&iso_snv_seed&iso-22-9B9U247NP	1.48031665173331	14.8393782839633	0	7.67045884487023	5.75823111934045	0	6.57283633998006	6.38222714260472	5.33793104781151	0.376661153466509	0.688872332372815	0.357011590161627	NA
107	hsa-miR-122-5p&iso_snv_seed&iso-22-9H9U247NP	31.0866496863996	506.562413238931	213.898375972989	356.676336286466	284.863080668548	13.9090042543855	184.69670115344	169.129019279025	220.102697567523	1.32739450502465	0.732629069819462	0.0120202913174874	0.071549353080282
108	hsa-miR-122-5p&iso_snv_seed&iso-22-9K9U247NP	4.44094995519994	82.6283563538868	50.0613220362316	51.1363922991349	42.0012152234244	0	32.8641816999003	27.1244653560701	36.282110365481	1.24061938994269	0.7913052067177	0.0213135964632164	0.0948936321154892
109	hsa-miR-122-5p&iso_snv_seed&iso-22-9P9U247NP	0	3.37258597362803	0	3.83522942243512	0.338719477608262	0	0	3.19111357130236	1.34220605562172	0.215681845245261	0.753857138329222	0.441337506310998	NA
110	hsa-miR-122-5p&iso_snv_seed&iso-22-XP9U247NP	0	3.70984457099084	0	0.639204903739186	2.03231686564957	0	0	1.59555678565118	0.997115390753847	0.280767183545547	0.793897961612417	0.29134487803998	NA
111	hsa-miR-122-5p&iso_snv_seed,iso_3p:-3&iso-19-9K9U242N	0	2.69806877890243	0	0	0.338719477608262	0	0.657283633998005	0	0.461758986313587	0.124520667039492	0.76523059102427	0.671568707827742	NA
112	hsa-miR-1228-5p&NA&iso-21-7KMKPK9W0	0	1.34903438945121	6.82654391403158	5.11363922991349	5.08079216412392	1.98700060776936	1.31456726799601	3.19111357130236	3.10783639307349	0.499980256477086	0.789885182524819	0.213309194370526	NA
113	hsa-miR-1246&iso_add3p:1&iso-20-D8IZ90JK	17.7637998207998	10.1177579208841	11.3775731900526	7.67045884487023	5.41951164173219	9.9350030388468	3.28641816999003	9.57334071390708	9.39298291763535	-0.114547515946808	0.552033932224607	0.764375060613064	0.816640022022504
114	hsa-miR-125a-5p&iso_3p:-1&iso-23-875D3ZB700	1.48031665173331	1.34903438945121	0	0	0	1.98700060776936	5.25826907198404	0	1.25932759011724	-0.387931422991649	0.848605567573353	0.210174100628351	NA
115	hsa-miR-125a-5p&iso_3p:-2&iso-22-875D3ZB7N	1.48031665173331	1.01177579208841	0	0	1.35487791043305	1.98700060776936	5.25826907198404	4.78667035695354	1.98486379887021	-0.675771317327753	0.985444270588346	0.111889689661527	NA
116	hsa-miR-125b-5p&iso_3p:-1&iso-21-875D3ONW0	0	4.72162036307925	4.55102927602105	5.75284413365268	2.03231686564957	0	0.657283633998005	0	2.21438678405007	1.60827413729671	2.17495661623597	0.0233112425655705	NA
117	hsa-miR-125b-5p&iso_3p:-2&iso-20-875D3ONW	1.48031665173331	6.07065475253046	4.55102927602105	0	2.37103634325783	0	2.62913453599202	1.59555678565118	2.33721604314823	0.267111112077113	0.719253376677387	0.451824642218176	NA
118	hsa-miR-125b-5p&iso_3p:-3&iso-19-875D3OHP	1.48031665173331	5.05887896044205	0	1.27840980747837	0.338719477608262	0	0.657283633998005	1.59555678565118	1.3011456646139	0.176596744782507	0.726180150014746	0.567951081753448	NA
119	hsa-miR-126-3p&iso_3p:-1&iso-21-WL341OU4D	5.92126660693326	6.74517194725607	2.27551463801053	0.639204903739186	4.4033532089074	15.8960048621549	13.1456726799601	9.57334071390708	7.32494119510856	-0.904808125586716	0.808698061478693	0.0696134738952775	0.154023992654458
120	hsa-miR-126-3p&iso_3p:-2&iso-20-WL341OU4	26.6456997311997	47.8907208255181	13.6530878280632	3.19602451869593	33.1945088056096	97.3630297806986	101.878963269691	110.093418209931	54.2394316211759	-1.2687714588644	0.754201873085755	0.0162781897655555	0.0889827617038797
121	hsa-miR-126-3p&iso_add3p:2&iso-24-WL341OU41S	1.48031665173331	1.34903438945121	6.82654391403158	0.639204903739186	2.03231686564957	3.97400121553872	9.20197087597208	4.78667035695354	3.78625739663365	-0.435581497539441	0.734165802234827	0.264281964459331	NA
122	hsa-miR-128-3p&NA&iso-21-8F7B334ZE	11.8425332138665	11.1295337129725	4.55102927602105	1.27840980747837	11.8551817162892	19.8700060776936	65.0710797658026	43.0800332125819	21.0847258478382	-1.7432009835267	0.823240297395681	0.00392908645089759	0.0465287028637748
123	hsa-miR-128-3p&iso_3p:-1&iso-20-8F7B334Z	1.48031665173331	7.08243054461887	0	0.639204903739186	7.45182850738176	3.97400121553872	21.6903599219342	19.1466814278142	7.68310289659502	-0.672880499712758	0.814312831571601	0.141658065033908	0.239287272016736
124	hsa-miR-128-3p&iso_3p:-2&iso-19-8F7B33H3	4.44094995519994	5.05887896044205	2.27551463801053	0	2.70975582086609	7.94800243107744	2.62913453599202	3.19111357130236	3.5316687391113	-0.254387833698154	0.671417204446365	0.497073265054325	NA
125	hsa-miR-128-3p&iso_add3p:1&iso-22-8F7B334ZQ	0	5.39613755780485	2.27551463801053	0	4.74207268651566	5.96100182330808	30.2350471639083	17.551124642163	8.27011231396379	-1.03153935389568	1.06713542109212	0.0522295371017936	0.140989235441353
126	hsa-miR-128-3p&iso_add3p:2&iso-23-8F7B334Z0H	0	1.01177579208841	0	0	0.338719477608262	0	5.91555270598205	1.59555678565118	1.10770059516624	-0.340327546713638	0.822205908971374	0.259644684417864	NA
127	hsa-miR-128-3p&iso_add3p:2&iso-23-8F7B334Z0I	0	0.337258597362803	0	0	0.677438955216523	0	13.1456726799601	3.19111357130236	2.16893547548022	-0.999217916191239	1.67475858741526	0.0315101128132313	NA
128	hsa-miR-128-3p&iso_add3p:2,iso_3p:+3&iso-24-8F7B334ZKH	0	0.337258597362803	0	0	0	0	5.25826907198404	4.78667035695354	1.29777475328755	-0.582762237111752	1.06797949060201	0.0550504731165991	NA
129	hsa-miR-1299&iso_3p:-1&iso-21-YYONN4XK0	1.48031665173331	1.68629298681402	0	8.94886865234861	3.72591425369088	0	2.62913453599202	0	2.30881588507235	0.433229333019438	0.803226872318882	0.253522904117559	NA
130	hsa-miR-1307-3p&NA&iso-22-ESQ4QMRSP	2.96063330346663	2.36081018153962	4.55102927602105	0.639204903739186	5.75823111934045	0	3.28641816999003	3.19111357130236	2.84343006567492	0.122314784286766	0.654483321121139	0.737414317617141	NA
131	hsa-miR-1307-3p&iso_3p:-2&iso-20-ESQ4QMRS	14.8031665173331	5.73339615516766	9.10205855204211	7.03125394113105	7.79054798499002	1.98700060776936	5.91555270598205	3.19111357130236	6.94426125446472	0.068892631832804	0.570156266789349	0.86084530131447	0.882013628395973
132	hsa-miR-1307-3p&iso_5p:+1&iso-21-48M8MSSW0	1.48031665173331	3.37258597362803	0	1.91761471121756	3.38719477608262	5.96100182330808	3.28641816999003	4.78667035695354	3.02397530786415	-0.215466114976368	0.655466115098765	0.568918736264588	NA
133	hsa-miR-134-5p&NA&iso-22-9UN3X1FK4	8.88189991039988	3.03532737626523	6.82654391403158	1.91761471121756	1.35487791043305	3.97400121553872	1.31456726799601	0	3.41310403823525	-0.0697423902619684	0.649831742575077	0.839847731160284	NA
134	hsa-miR-139-3p&NA&iso-23-90EHP778Z	1.48031665173331	1.01177579208841	4.55102927602105	2.55681961495674	1.01615843282479	5.96100182330808	0.657283633998005	1.59555678565118	2.3537427513227	-0.0404858804019829	0.668475284996484	0.900275491127155	NA
135	hsa-miR-140-3p&iso_3p:+1&iso-22-U6JKVBKHL	1.48031665173331	0.674517194725607	2.27551463801053	1.27840980747837	1.35487791043305	5.96100182330808	2.62913453599202	0	1.95672157021012	-0.24139173607094	0.712858780617538	0.474503789961094	NA
136	hsa-miR-140-3p&iso_5p:+1&iso-20-0513FD28	31.0866496863996	9.10598212879569	11.3775731900526	17.258532400958	12.5326206715057	27.818008508771	6.57283633998006	19.1466814278142	16.8623605442846	-0.432012017363284	0.557679211214104	0.286279170869364	0.397609959540784
137	hsa-miR-142-5p&NA&iso-21-JO1PBJE5E	4.44094995519994	0	2.27551463801053	1.27840980747837	1.01615843282479	1.98700060776936	9.85925450997008	3.19111357130236	3.00605019031943	-0.998823467435602	1.21611576109697	0.0436412048890355	NA
138	hsa-miR-143-3p&iso_3p:-1&iso-20-X2X02YVI	10.3622165621332	2.02355158417682	2.27551463801053	0.639204903739186	2.03231686564957	3.97400121553872	21.0330762879362	4.78667035695354	5.89081905176722	-1.90331079212815	1.06098115596274	0.00609059028002166	NA
139	hsa-miR-146a-5p&iso_3p:-1&iso-21-X2EUIRIKE	17.7637998207998	9.44324072615849	2.27551463801053	2.55681961495674	10.5003038058561	13.9090042543855	17.7466581179462	17.551124642163	11.4683082025345	-0.858960692148886	0.684541433708872	0.070234940650433	0.154023992654458
140	hsa-miR-146a-5p&iso_3p:-2&iso-20-X2EUIRIK	2.96063330346663	1.34903438945121	0	0.639204903739186	1.35487791043305	1.98700060776936	1.31456726799601	3.19111357130236	1.59955399426973	-0.308412736898435	0.741310480559702	0.381561651898936	NA
141	hsa-miR-146b-5p&NA&iso-23-X2EUIRHKDP	5.92126660693326	12.4785681024237	2.27551463801053	4.4744343261743	11.1777427610726	3.97400121553872	40.0943016738783	28.7200221417212	13.6394814332191	-0.747369803608111	0.731201631492119	0.111287337700478	0.201607495834199
142	hsa-miR-146b-5p&iso_3p:-1&iso-22-X2EUIRHK3	4.44094995519994	3.70984457099084	0	0.639204903739186	4.74207268651566	9.9350030388468	20.3757926539382	20.7422382134653	8.07313825283699	-1.73960602646057	0.983145400573538	0.00836379913263907	0.0614985230341108
143	hsa-miR-146b-5p&iso_add3p:1&iso-24-X2EUIRHKHM	1.48031665173331	1.01177579208841	0	0	0	0	3.28641816999003	3.19111357130236	1.12120302313926	-0.401247453909434	0.86325151107997	0.188406158659909	NA
144	hsa-miR-148a-3p&iso_3p:-1&iso-21-83PI02EZ0	13.3228498655998	31.3650495547407	11.3775731900526	3.19602451869593	66.7277370888276	23.8440072932323	239.908526409272	78.1822824969078	58.4905063021661	-0.935014956730306	0.84974704327001	0.0622272157480246	0.146762301292511
145	hsa-miR-148a-3p&iso_3p:-2&iso-20-83PI02EZ	2.96063330346663	0	0	0	1.35487791043305	0	4.60098543798604	3.19111357130236	1.51345127789851	-0.520043328722967	0.937847771389316	0.130173739627923	NA
146	hsa-miR-148a-3p&iso_5p:+3&iso-19-7F4FOIKN	2.96063330346663	5.05887896044205	0	1.27840980747837	7.79054798499002	3.97400121553872	21.6903599219342	7.9777839282559	6.34132689026323	-0.573990434398374	0.747108445472041	0.195640394121821	NA
147	hsa-miR-148a-3p&iso_snv&iso-22-03PI02EZN	1.48031665173331	1.34903438945121	2.27551463801053	0	2.70975582086609	0	15.1175235819541	7.9777839282559	3.8637411262839	-0.771333387756877	1.0009112564805	0.0898559746533823	NA
148	hsa-miR-148a-3p&iso_snv&iso-22-P3PI02EZN	7.40158325866657	18.5492228549542	11.3775731900526	1.91761471121756	26.7588387310527	19.8700060776936	95.9634105637088	14.3600110708606	24.5247825572758	-0.651443680462087	0.718352210392744	0.147791066359288	0.245229119452187
149	hsa-miR-148a-3p&iso_snv&iso-22-U3PI02EZN	0	1.01177579208841	0	0	1.01615843282479	0	5.25826907198404	0	0.910775412112155	-0.162810829599209	0.751841519008853	0.563797121724846	NA
150	hsa-miR-148a-3p&iso_snv&iso-22-X3PI02EZN	0	6.40791334989326	0	0.639204903739186	13.5487791043305	1.98700060776936	40.7515853078763	12.7644542852094	9.51236719485226	-0.256564991552221	0.758637729026918	0.398468837816834	0.508251068643921
151	hsa-miR-148a-3p&iso_snv&iso-22-Y3PI02EZN	2.96063330346663	2.02355158417682	0	0	2.03231686564957	0	7.23011997397806	4.78667035695354	2.37916151052808	-0.488873729059078	0.829284637575663	0.210207639352854	NA
152	hsa-miR-148a-3p&iso_snv_seed&iso-22-8JPI02EZN	4.44094995519994	3.03532737626523	2.27551463801053	0.639204903739186	7.1131090297735	3.97400121553872	23.6622108239282	1.59555678565118	5.84198434101331	-0.584107606593779	0.776685550790513	0.183465799091979	NA
153	hsa-miR-148a-3p&iso_snv_seed&iso-22-8KPI02EZN	2.96063330346663	1.01177579208841	0	0	1.35487791043305	0	8.54468724197407	3.19111357130236	2.13288597740806	-0.707560210937639	1.03927499795136	0.0971559282542588	NA
154	hsa-miR-148a-3p&iso_snv_seed&iso-22-W3PI02EZN	0	4.72162036307925	2.27551463801053	0.639204903739186	2.70975582086609	3.97400121553872	16.4320908499501	6.38222714260472	4.64180186672358	-0.545733490266026	0.781088171990639	0.199901345513329	NA
155	hsa-miR-148a-3p&iso_snv_seed&iso-22-WWPI02EZN	7.40158325866657	19.2237400496798	9.10205855204211	0.639204903739186	29.4685945519188	9.9350030388468	96.6206941977068	31.9111357130236	25.537751783203	-0.648469372725721	0.751938414611547	0.14909930462693	0.245229119452187
156	hsa-miR-148a-3p&iso_snv_seed,iso_3p:-1&iso-21-WWPI02EZ0	0	0.337258597362803	0	0	2.03231686564957	0	5.25826907198404	3.19111357130236	1.35236976328735	-0.284474515792234	0.777592542612312	0.361915349911808	NA
157	hsa-miR-148a-5p&NA&iso-22-B3WUO58U3	7.40158325866657	2.02355158417682	9.10205855204211	5.11363922991349	1.01615843282479	1.98700060776936	4.60098543798604	0	3.9056221379224	0.0297357982929629	0.638885156086754	0.93558749052708	NA
158	hsa-miR-151a-3p&NA&iso-21-42NBQRZ00	112.504065531732	182.119642575914	134.255363642621	47.3011628766998	146.665533804377	200.687061384705	272.772708109172	366.978060699771	182.910449828124	-0.636890977710729	0.524094008799708	0.1160867930088	0.207297844658572
159	hsa-miR-151a-3p&iso_3p:+1&iso-22-42NBQRZ0L	0	2.36081018153962	0	0.639204903739186	4.4033532089074	3.97400121553872	4.60098543798604	9.57334071390708	3.19396195770226	-0.350277910915177	0.721330084786579	0.360766370298823	NA
160	hsa-miR-151a-3p&iso_3p:-1&iso-20-42NBQRZ0	16.2834831690665	29.6787565679267	15.9286024660737	10.8664833635662	21.0006076117122	21.857006685463	59.8128106938185	43.0800332125819	27.3134729712761	-0.562732871935524	0.555504093226525	0.175848025854219	0.271370410268856
161	hsa-miR-151a-3p&iso_5p:+3&iso-18-OYDI3YY	2.96063330346663	1.68629298681402	0	0	1.35487791043305	0	9.85925450997008	12.7644542852094	3.57818912448665	-1.41345726962651	1.50384504911075	0.0272610241652012	NA
162	hsa-miR-151a-3p&iso_5p:-1&iso-22-EPEUF9NU4	4.44094995519994	1.34903438945121	6.82654391403158	0	2.03231686564957	3.97400121553872	11.8311054119641	6.38222714260472	4.60452236180498	-0.755893519226641	0.905085180071608	0.092510908725165	NA
163	hsa-miR-151a-3p&iso_add3p:1&iso-21-42NBQRZ0D	1.48031665173331	2.69806877890243	0	0.639204903739186	1.01615843282479	1.98700060776936	4.60098543798604	3.19111357130236	1.95160604803218	-0.338885483523121	0.737261305735714	0.36266087385692	NA
164	hsa-miR-151a-3p&iso_add3p:1&iso-21-42NBQRZ0E	1.48031665173331	4.38436176571644	2.27551463801053	0	4.06463373129914	3.97400121553872	18.4039417519442	22.3377949991165	7.11507059416985	-1.11524111418915	1.0475737908186	0.0430954961044526	0.121003357323337
165	hsa-miR-151a-3p&iso_add3p:1&iso-22-42NBQRZ0M	0	1.34903438945121	0	0	2.03231686564957	0	1.31456726799601	0	0.586989815387099	0.101333046399327	0.750592458540068	0.735975839326765	NA
166	hsa-miR-151a-3p&iso_add3p:1&iso-22-42NBQRZ0N	0	9.7804993235213	4.55102927602105	1.27840980747837	6.43567007455697	9.9350030388468	12.4883890459621	23.9333517847677	8.55029404389429	-0.459376396146527	0.688203486167566	0.271030881914074	0.380661351002913
167	hsa-miR-151a-3p&iso_snv_central_offset&iso-21-42N2QRZ00	2.96063330346663	0.337258597362803	0	0	0.677438955216523	0	1.97185090199402	3.19111357130236	1.14228691616779	-0.465757674715047	0.895768214676706	0.15977416110849	NA
168	hsa-miR-151a-3p&iso_snv_central_offset&iso-21-42NFQRZ00	4.44094995519994	1.68629298681402	2.27551463801053	0.639204903739186	1.01615843282479	0	4.60098543798604	0	1.83238829432181	-0.213428978382197	0.711348420503481	0.525157543687804	NA
169	hsa-miR-151a-3p&iso_snv_central_supp&iso-21-42NBQSZ00	0	1.01177579208841	0	0.639204903739186	1.35487791043305	0	0.657283633998005	4.78667035695354	1.05622657465152	-0.100861100365425	0.720538192526472	0.736378670707185	NA
170	hsa-miR-151a-3p&iso_snv_seed&iso-21-427BQRZ00	0	1.34903438945121	0	0.639204903739186	1.35487791043305	0	1.97185090199402	1.59555678565118	0.86381561140858	-0.00885546674786609	0.71455222962085	0.984244043286706	NA
171	hsa-miR-151a-3p&iso_snv_seed&iso-21-4JNBQRZ00	0	5.73339615516766	6.82654391403158	0.639204903739186	4.06463373129914	0	9.85925450997008	14.3600110708606	5.18538053563353	-0.189774495649789	0.658195285155932	0.605671420770015	NA
172	hsa-miR-16-5p&iso_3p:-1&iso-21-VFPHUEI8D	0	0.674517194725607	2.27551463801053	0	0	1.98700060776936	3.28641816999003	3.19111357130236	1.42682052272474	-0.352334987890452	0.814389016733223	0.184872717310808	NA
173	hsa-miR-16-5p&iso_3p:-2&iso-20-VFPHUEI8	2.96063330346663	1.01177579208841	0	0	0.677438955216523	7.94800243107744	1.97185090199402	1.59555678565118	2.02065727118677	-0.843831472334005	1.183496611907	0.0645927415049342	NA
174	hsa-miR-182-5p&NA&iso-24-Z824S2E6FW	2.96063330346663	1.68629298681402	0	0	1.35487791043305	0	0.657283633998005	6.38222714260472	1.63016437216455	-0.296469592932913	0.762329121728044	0.367535374609645	NA
175	hsa-miR-183-5p&NA&iso-22-V82YS2I63	0	1.34903438945121	0	0	0.338719477608262	5.96100182330808	3.28641816999003	9.57334071390708	2.56356432178308	-1.18725664750779	1.63521313458048	0.0329725304322217	NA
176	hsa-miR-185-5p&iso_3p:-1&iso-21-90FB6PY70	330.110613336529	56.9967029543138	91.0205855204211	31.3210402832201	40.6463373129914	143.064043759394	50.6108398178464	63.8222714260472	100.949054301345	-1.03401876161042	0.655020097299685	0.0287940883134749	0.100521209254197
177	hsa-miR-185-5p&iso_3p:-2&iso-20-90FB6PY7	7.40158325866657	1.34903438945121	0	0	1.01615843282479	3.97400121553872	1.97185090199402	1.59555678565118	2.16352312301581	-0.729126113185688	1.02926027653753	0.0941168446106914	NA
178	hsa-miR-185-5p&iso_add3p:1&iso-22-90FB6PY7N	4.44094995519994	0.674517194725607	0	0	0.677438955216523	3.97400121553872	1.31456726799601	1.59555678565118	1.584628921791	-0.669768671357392	1.03613081562499	0.0939470553404953	NA
179	hsa-miR-185-5p&iso_add3p:1&iso-23-90FB6PY7DS	5.92126660693326	0.674517194725607	2.27551463801053	0.639204903739186	1.01615843282479	1.98700060776936	0.657283633998005	1.59555678565118	1.84581285045649	-0.325392793442901	0.751851394369726	0.329181972386303	NA
180	hsa-miR-193a-5p&iso_3p:+1&iso-23-93NYMJ5EDS	2.96063330346663	2.36081018153962	6.82654391403158	6.39204903739186	0.677438955216523	0	1.31456726799601	1.59555678565118	2.76594993066168	0.391959181212191	0.75483386143496	0.295334026500032	NA
181	hsa-miR-193a-5p&iso_3p:-1&iso-21-93NYMJ5E0	39.9685495967995	52.6123411885973	127.428819728589	138.068259207664	47.4207268651566	15.8960048621549	17.0893744839481	11.1688974995583	56.2066216790586	1.78887603084671	0.658250854149591	0.000775332661064962	0.0161527637721867
182	hsa-miR-193a-5p&iso_3p:-2&iso-20-93NYMJ5E	0	2.02355158417682	4.55102927602105	4.4744343261743	2.37103634325783	0	2.62913453599202	0	2.00614825820275	0.471534879086582	0.835658638184859	0.218209694010163	NA
183	hsa-miR-193a-5p&iso_add3p:1&iso-22-93NYMJ5EN	0	1.68629298681402	0	1.27840980747837	3.04847529847435	0	0	0	0.751647261595843	0.345675277631915	0.861277589351863	0.21685284119964	NA
184	hsa-miR-193b-5p&iso_3p:+1&iso-23-MKZY1J5EDS	0	1.01177579208841	0	5.11363922991349	1.35487791043305	0	0	0	0.935036616554368	0.411731650633589	0.904676413219215	0.150551331391809	NA
185	hsa-miR-193b-5p&iso_3p:-1&iso-21-MKZY1J5E0	0	13.4903438945121	38.683748846179	65.8381050851362	17.2746933580213	0	1.31456726799601	3.19111357130236	17.4740715028934	4.38083948917575	1.05310363571697	3.70170979763496e-06	0.00046271372470437
186	hsa-miR-193b-5p&iso_add3p:1&iso-22-MKZY1J5EN	0	1.34903438945121	4.55102927602105	1.27840980747837	1.01615843282479	0	0	0	1.02432898822193	0.475646137800768	0.945764669145696	0.126787481106695	NA
187	hsa-miR-19b-3p&iso_3p:-1&iso-22-9VBMJVBDP	5.92126660693326	1.34903438945121	0	0	0.677438955216523	1.98700060776936	1.97185090199402	1.59555678565118	1.68776853087694	-0.550121432233934	0.907299884822107	0.150591004863778	NA
188	hsa-miR-200a-3p&iso_3p:-1&iso-21-UFNM9LEE0	1.48031665173331	1.68629298681402	0	0	1.69359738804131	3.97400121553872	0	1.59555678565118	1.30372062847232	-0.122519024767055	0.719359953551979	0.680149835759663	NA
189	hsa-miR-200b-3p&iso_3p:-1&iso-21-ULN19LIE0	1.48031665173331	2.02355158417682	0	0	1.35487791043305	0	1.31456726799601	0	0.771664176792399	0.0393543280138602	0.727262481291986	0.888087549227577	NA
190	hsa-miR-21-5p&NA&iso-22-VIV6OYINL	8.88189991039988	11.1295337129725	6.82654391403158	0.639204903739186	9.82286485063959	1.98700060776936	15.1175235819541	22.3377949991165	9.59279581007784	-0.351157528270815	0.630777685433645	0.387735492234676	0.499659139477675
191	hsa-miR-21-5p&iso_3p:+1&iso-23-VIV6OYINDR	23.685066427733	64.7536506936582	11.3775731900526	1.91761471121756	36.9204230593005	31.7920097243098	104.508097805683	113.284531781234	48.5298709241485	-0.677262881362571	0.707309990309268	0.133763184974076	0.229046549613144
192	hsa-miR-21-5p&iso_3p:+2&iso-24-VIV6OYINHW	50.3307661589327	41.145548878262	20.4796317420947	12.7840980747837	22.016766044537	31.7920097243098	31.5496144319043	44.675589998233	31.8467531316322	-0.468985023246411	0.506338884047311	0.234807693155872	0.344236103834123
193	hsa-miR-21-5p&iso_3p:-1&iso-21-VIV6OYIN0	37.0079162933329	88.3617525090545	27.3061756561263	7.67045884487023	63.3405423127449	57.6230176253114	61.1273779618145	71.8000553543031	51.7796620696947	-0.152289301558691	0.515355359843829	0.691931285231502	0.75209922307772
194	hsa-miR-21-5p&iso_3p:-2&iso-20-VIV6OYIN	2.96063330346663	1.68629298681402	0	0	1.01615843282479	1.98700060776936	2.62913453599202	4.78667035695354	1.88323627797754	-0.525112666863386	0.863223649342192	0.178335667573823	NA
195	hsa-miR-21-5p&iso_3p:-3&iso-19-VIV6OYFN	0	3.03532737626523	0	0	0.677438955216523	0	1.31456726799601	0	0.628416699934721	0.114697639566264	0.752660482893341	0.698776044370133	NA
196	hsa-miR-21-5p&iso_add3p:1&iso-22-VIV6OYINN	1.48031665173331	1.01177579208841	0	0	1.35487791043305	0	0.657283633998005	1.59555678565118	0.762476346737994	-0.0573130357724551	0.725906755093431	0.850964482529899	NA
197	hsa-miR-21-5p&iso_add3p:1&iso-23-VIV6OYIND7	0	13.1530852971493	0	1.27840980747837	8.46798694020654	1.98700060776936	24.3194944579262	39.8889196412795	11.1368620939762	-0.295389826436475	0.769208215027772	0.347670147677817	0.467298585588463
198	hsa-miR-21-5p&iso_add3p:2&iso-24-VIV6OYINHS	8.88189991039988	9.44324072615849	2.27551463801053	1.91761471121756	9.14542589542306	9.9350030388468	7.23011997397806	11.1688974995583	7.49971454919908	-0.288315070302971	0.591887081223541	0.473994371781644	0.58662669774956
199	hsa-miR-2110&NA&iso-22-ZKOD6SN0P	7.40158325866657	0	0	0	1.01615843282479	1.98700060776936	5.91555270598205	0	2.04003687565535	-0.960221032091552	1.54385000980162	0.0362500613765993	NA
200	hsa-miR-2110&iso_5p:+3&iso-19-RBEJLYF0	4.44094995519994	1.01177579208841	4.55102927602105	1.91761471121756	2.37103634325783	5.96100182330808	0	3.19111357130236	2.9305651840494	-0.144495811792416	0.67034387966572	0.670971152387678	NA
201	hsa-miR-2110&iso_5p:+3,iso_3p:-1&iso-18-RBEJLYZ	2.96063330346663	0	0	0.639204903739186	2.37103634325783	5.96100182330808	1.31456726799601	0	1.65580545522097	-0.294871229712083	0.766474886035613	0.358733917201634	NA
202	hsa-miR-22-3p&NA&iso-22-DIPPZBOIN	54.7717161141326	97.1304760404874	120.602275814558	107.386423828183	70.1149318649102	31.7920097243098	18.4039417519442	38.2933628556283	67.3118922492692	1.20800477617961	0.547576651438406	0.0063215277065054	0.0564422116652268
203	hsa-miR-22-3p&iso_3p:-1&iso-21-DIPPZBOI0	7.40158325866657	10.1177579208841	15.9286024660737	4.4744343261743	6.77438955216523	9.9350030388468	3.28641816999003	6.38222714260472	8.03755198442568	0.220987363413689	0.576995082811815	0.572212828564859	0.660367286672381
204	hsa-miR-22-3p&iso_3p:-2&iso-20-DIPPZBOI	22.2047497759997	58.345737343765	15.9286024660737	10.227278459827	32.5170698503931	27.818008508771	17.0893744839481	22.3377949991165	25.8085769859868	0.256610604957906	0.519328778485647	0.515231206684205	0.625280590636171
205	hsa-miR-22-3p&iso_3p:-3&iso-19-DIPPZBHR	4.44094995519994	19.8982572444054	13.6530878280632	5.75284413365268	11.5164622386809	13.9090042543855	1.97185090199402	4.78667035695354	9.49114086416689	0.593778531428501	0.683464543826341	0.172818959230863	0.270029623798224
206	hsa-miR-22-3p&iso_add3p:1&iso-22-DIPPZBOIM	4.44094995519994	9.10598212879569	18.2041171040842	10.8664833635662	7.45182850738176	5.96100182330808	3.28641816999003	3.19111357130236	7.81348682795353	0.830605886780125	0.746293061228517	0.0807316634536971	0.166386254828988
207	hsa-miR-22-3p&iso_snv&iso-22-DIPPZBOIH	0	7.75694773934448	6.82654391403158	1.27840980747837	3.04847529847435	1.98700060776936	1.31456726799601	4.78667035695354	3.37482687400596	0.414723371640286	0.7429064092165	0.286177565127856	NA
208	hsa-miR-22-3p&iso_snv&iso-22-JIPPZBOIN	4.44094995519994	9.44324072615849	6.82654391403158	11.5056882673054	3.72591425369088	7.94800243107744	0.657283633998005	1.59555678565118	5.76789749588911	0.54985446096422	0.736757367453214	0.195917624888023	NA
209	hsa-miR-22-3p&iso_snv_seed&iso-22-DIQPZBOIN	4.44094995519994	3.70984457099084	0	3.19602451869593	2.37103634325783	0	0.657283633998005	3.19111357130236	2.19578157418061	0.0857369094424089	0.670841610995133	0.80513829632588	NA
210	hsa-miR-22-5p&iso_3p:-1&iso-21-19YP9FFZE	0	6.74517194725607	0	2.55681961495674	5.41951164173219	0	4.60098543798604	0	2.41531108024138	0.365175516541707	0.771720808423088	0.323190140528572	NA
211	hsa-miR-221-3p&iso_add3p:1&iso-24-FXJYWV93K3	0	2.69806877890243	0	2.55681961495674	2.03231686564957	0	4.60098543798604	1.59555678565118	1.68546843539324	0.0388850720102629	0.683493186479912	0.90909737652658	NA
212	hsa-miR-222-3p&NA&iso-21-FXJ76XNKE	7.40158325866657	2.69806877890243	4.55102927602105	0	2.70975582086609	1.98700060776936	5.91555270598205	4.78667035695354	3.75620760064514	-0.43206602552774	0.72671860522645	0.277689903312383	NA
213	hsa-miR-223-3p&iso_3p:-2&iso-20-967Y8BUR	1.48031665173331	1.68629298681402	0	0	0	0	6.57283633998006	3.19111357130236	1.61631994372872	-0.477917783924773	0.900210581681582	0.156729304592724	NA
214	hsa-miR-223-5p&iso_3p:+1&iso-23-MWIY00N00P	4.44094995519994	0	0	0	0.338719477608262	1.98700060776936	14.4602399479561	7.9777839282559	3.6505867395987	-4.82770091222818	1.76518443025616	0.000223803014791767	NA
215	hsa-miR-223-5p&iso_3p:-1&iso-21-MWIY00N0E	4.44094995519994	1.01177579208841	0	0	1.01615843282479	0	8.54468724197407	7.9777839282559	2.87391941879289	-1.58463506466145	1.67276880664276	0.0220218975569543	NA
216	hsa-miR-24-3p&NA&iso-22-9IJNJF6DH	25.1653830794663	21.2472916338566	20.4796317420947	6.39204903739186	12.8713401491139	13.9090042543855	39.4370180398803	43.0800332125819	22.8227188935964	-0.688713171543423	0.586778201906089	0.108756486490812	0.19992001193164
217	hsa-miR-24-3p&iso_3p:-2&iso-20-9IJNJF6D	8.88189991039988	15.1766368813262	4.55102927602105	1.27840980747837	13.5487791043305	7.94800243107744	31.5496144319043	22.3377949991165	13.1590208552068	-0.526965268788869	0.652320940746055	0.223028020609858	0.335885573207617
218	hsa-miR-24-3p&iso_add3p:1&iso-23-9IJNJF6DZ	2.96063330346663	0.674517194725607	0	0	1.01615843282479	1.98700060776936	2.62913453599202	1.59555678565118	1.3578751075537	-0.473569365426863	0.864839469462671	0.189735463372578	NA
219	hsa-miR-25-3p&iso_3p:-1&iso-21-JY2ZS9R70	0	0.674517194725607	2.27551463801053	0	0.338719477608262	0	6.57283633998006	6.38222714260472	2.03047684911615	-0.543114999425513	0.932055443752883	0.0962217569110856	NA
220	hsa-miR-25-3p&iso_3p:-2&iso-20-JY2ZS9R7	2.96063330346663	1.68629298681402	0	1.27840980747837	3.72591425369088	15.8960048621549	9.20197087597208	3.19111357130236	4.7425424576099	-1.06211226091281	1.00717209248845	0.0503814869503003	NA
221	hsa-miR-26a-5p&iso_3p:-2&iso-20-YOSEKKHK	0	7.41968914198167	2.27551463801053	0.639204903739186	3.04847529847435	0	34.8360326018943	14.3600110708606	7.82236595687008	-0.740896238016422	0.941330958148974	0.10427077235453	0.197482523398732
222	hsa-miR-26a-5p&iso_snv_seed&iso-22-Y5SEKKHK3	0	2.36081018153962	2.27551463801053	0	2.70975582086609	1.98700060776936	8.54468724197407	6.38222714260472	3.03249945409555	-0.384385802410058	0.74838792753601	0.309886544475468	NA
223	hsa-miR-28-3p&iso_3p:-1&iso-21-2X5YXJ8Y0	0	4.04710316835364	0	0.639204903739186	5.41951164173219	1.98700060776936	7.23011997397806	1.59555678565118	2.61481213515295	-0.0177842820861584	0.6622402330036	0.958501250854755	NA
224	hsa-miR-29a-3p&iso_3p:-2&iso-20-VFKMXBW3	0	2.02355158417682	0	0	1.35487791043305	0	0	0	0.422303686826233	0.170200517950595	0.790992398300179	0.509965901586897	NA
225	hsa-miR-29a-3p&iso_3p:-3&iso-19-VFKMXBJ4	0	3.70984457099084	2.27551463801053	0	0.677438955216523	1.98700060776936	0.657283633998005	1.59555678565118	1.36282989895455	0.127825558091842	0.716498148146849	0.66542285410054	NA
226	hsa-miR-30a-5p&NA&iso-22-9O0M4UN2H	1.48031665173331	10.7922751156097	6.82654391403158	7.03125394113105	9.14542589542306	7.94800243107744	5.25826907198404	1.59555678565118	6.25970547583017	0.54206383811778	0.683191602906709	0.213704067218739	NA
227	hsa-miR-30a-5p&iso_3p:+2&iso-24-9O0M4UN2EW	4.44094995519994	9.10598212879569	0	8.94886865234861	11.1777427610726	1.98700060776936	4.60098543798604	1.59555678565118	5.23213579110293	0.558156394627963	0.735999425573358	0.206413059298371	NA
228	hsa-miR-30a-5p&iso_add3p:1&iso-23-9O0M4UN2Z	0	2.02355158417682	2.27551463801053	0.639204903739186	3.38719477608262	0	0.657283633998005	0	1.12284369200089	0.453311700087588	0.892418139725223	0.180741448706622	NA
229	hsa-miR-30d-5p&NA&iso-22-9O0MKUN2H	45.8898162037327	52.2750825912345	25.0306610181158	10.8664833635662	58.259750148621	61.5970188408502	54.5545416218345	52.6533739264889	45.1408409643055	-0.338712551519101	0.501654514470653	0.383588256003946	0.499463875005138
230	hsa-miR-30d-5p&iso_3p:+2&iso-24-9O0MKUN2EW	38.4882329450662	65.090909291021	27.3061756561263	12.7840980747837	48.7756047755897	51.6620158020034	55.8691088898305	35.1022492843259	41.8847993398433	-0.13505833311199	0.481646997153925	0.719459299873004	0.7752794179666
231	hsa-miR-30d-5p&iso_3p:-1&iso-21-9O0MKUN2B	2.96063330346663	0.674517194725607	0	0	1.69359738804131	0	1.31456726799601	3.19111357130236	1.22930359069149	-0.253973263067474	0.755362064119865	0.424796661795528	NA
232	hsa-miR-30d-5p&iso_3p:-2&iso-20-9O0MKUN2	4.44094995519994	10.7922751156097	4.55102927602105	5.75284413365268	8.8067064178148	5.96100182330808	8.54468724197407	7.9777839282559	7.10340973647953	0.0944355816970267	0.552321747171847	0.812187257829809	0.853137875871648
233	hsa-miR-30d-5p&iso_add3p:1&iso-23-9O0MKUN2Z	23.685066427733	29.6787565679267	15.9286024660737	11.5056882673054	23.7103634325783	11.9220036466162	37.4651671378863	38.2933628556283	24.0236263502185	-0.283622810800108	0.503562870303777	0.465665293153565	0.582081616441956
234	hsa-miR-30d-5p&iso_add3p:2&iso-24-9O0MKUN2ES	0	4.72162036307925	2.27551463801053	1.27840980747837	2.03231686564957	3.97400121553872	3.94370180398803	0	2.27819558671806	0.0941579445704792	0.671098640651312	0.78841722695899	NA
235	hsa-miR-30d-5p&iso_snv&iso-23-9O0MKUN2S	0	2.02355158417682	0	0	2.70975582086609	1.98700060776936	0	1.59555678565118	1.03948309980793	0.0964591306712355	0.730256697479394	0.684645234755897	NA
236	hsa-miR-30e-5p&NA&iso-22-9O0MNUN2H	2.96063330346663	3.03532737626523	2.27551463801053	0	3.38719477608262	1.98700060776936	2.62913453599202	1.59555678565118	2.2337952529047	-0.0172976942959203	0.661453643182711	0.958910609480759	NA
237	hsa-miR-30e-5p&iso_3p:+2&iso-24-9O0MNUN2EW	20.7244331242664	10.1177579208841	6.82654391403158	0	8.46798694020654	21.857006685463	14.4602399479561	14.3600110708606	12.1017474504585	-0.864199922808918	0.767195639986607	0.0737283562250469	0.158897319450532
238	hsa-miR-320a-3p&NA&iso-22-B0NKZ01JL	111.023748879999	16.1884126734146	34.1327195701579	67.1165148926145	13.8874985819387	35.7660109398485	14.4602399479561	19.1466814278142	38.9652283642179	-0.24227547902761	0.557345597149319	0.537171434910207	0.636691345680345
239	hsa-miR-320a-3p&iso_3p:+1&iso-23-B0NKZ01JD6	7.40158325866657	3.37258597362803	9.10205855204211	3.83522942243512	1.69359738804131	1.98700060776936	3.94370180398803	1.59555678565118	4.11641422402771	0.0299247762719058	0.617811612720508	0.9370663172496	NA
240	hsa-miR-320a-3p&iso_5p:+1&iso-21-BJ93X2RHB	1.48031665173331	1.34903438945121	4.55102927602105	2.55681961495674	0.338719477608262	1.98700060776936	0.657283633998005	0	1.61502545644224	0.199853319163856	0.722760630106436	0.517498730756679	NA
241	hsa-miR-320a-3p&iso_add3p:1&iso-22-B0NKZ01J4	13.3228498655998	6.07065475253046	6.82654391403158	13.4233029785229	4.4033532089074	3.97400121553872	1.97185090199402	4.78667035695354	6.84740339925981	0.171417944547966	0.593723494282666	0.660134186928279	0.736664457421949
242	hsa-miR-320a-3p&iso_add3p:1&iso-22-B0NKZ01JM	26.6456997311997	11.8040509076981	27.3061756561263	28.1250157645242	14.9036570147635	7.94800243107744	8.54468724197407	4.78667035695354	16.2579948880396	0.433079838808321	0.578778968193934	0.29259717273379	0.401919193315646
243	hsa-miR-320a-3p&iso_add3p:1&iso-22-B0NKZ01JN	219.08686445653	101.177579208841	252.582124819168	215.412052560106	115.164622386809	135.116041328316	47.9817052818544	62.226714640396	143.593463085253	0.362158286935456	0.504299450510245	0.355252073495816	0.472409672201883
244	hsa-miR-320a-3p&iso_add3p:1&iso-23-B0NKZ01JD7	142.110398566398	54.2986341754113	127.428819728589	93.3239159459212	39.6301788801666	35.7660109398485	24.3194944579262	39.8889196412795	69.5957965419426	0.218730630968425	0.51512260093266	0.575840273978316	0.660367286672381
245	hsa-miR-320a-3p&iso_add3p:1&iso-23-B0NKZ01JDS	112.504065531732	26.3061705942987	91.0205855204211	110.582448346879	26.0813997758361	57.6230176253114	15.1175235819541	19.1466814278142	57.2977365505308	0.166984322439928	0.541579565394765	0.671837985168817	0.736664457421949
246	hsa-miR-320a-3p&iso_add3p:2&iso-24-B0NKZ01JHZ	2.96063330346663	1.01177579208841	2.27551463801053	1.27840980747837	1.35487791043305	3.97400121553872	1.97185090199402	1.59555678565118	2.05282754433261	-0.260581614335303	0.70194577982659	0.460556962921865	NA
247	hsa-miR-320a-3p&iso_add3p:2&iso-24-B0NKZ01JI0	1.48031665173331	1.68629298681402	2.27551463801053	3.83522942243512	0.677438955216523	0	0	6.38222714260472	2.04212747460178	0.0312081536503869	0.686010368804704	0.922630185896433	NA
248	hsa-miR-320a-3p&iso_add3p:2&iso-24-B0NKZ01JIE	20.7244331242664	8.43146493407008	25.0306610181158	26.2074010533066	3.04847529847435	0	3.94370180398803	9.57334071390708	12.119934743266	0.369923194445495	0.650935725454952	0.360597852736858	0.474470858864287
249	hsa-miR-320b&iso_add3p:1&iso-22-B0NKZ01JH	8.88189991039988	7.75694773934448	15.9286024660737	14.7017127860013	3.38719477608262	3.97400121553872	1.31456726799601	3.19111357130236	7.39200496659238	0.620232326879642	0.736602111871642	0.158309641144852	0.253701347988545
250	hsa-miR-320c&NA&iso-20-B0NKZ013	16.2834831690665	19.2237400496798	15.9286024660737	63.2812854701794	18.9682907460627	7.94800243107744	3.28641816999003	9.57334071390708	19.3116454020046	1.20922137696937	0.764397930681091	0.0210148838481827	0.0948936321154892
251	hsa-miR-320c&iso_add3p:1&iso-20-B0NKZ012	2.96063330346663	0.674517194725607	0	5.11363922991349	0.677438955216523	5.96100182330808	1.31456726799601	1.59555678565118	2.28716932003469	-0.187119395497076	0.691316738555797	0.583790671079165	NA
252	hsa-miR-320c&iso_add3p:1&iso-20-B0NKZ01J	121.385965442132	80.9420633670728	195.694258868905	214.772847656367	80.9539551483745	51.6620158020034	19.0612253859422	28.7200221417212	99.1490442265647	0.988044006499154	0.646491566610732	0.0352857324853782	0.112314121491822
253	hsa-miR-320c&iso_add3p:1&iso-21-B0NKZ0130	1.48031665173331	1.01177579208841	2.27551463801053	4.4744343261743	2.37103634325783	9.9350030388468	0	4.78667035695354	3.29184389338309	-0.166410465598795	0.672698452946514	0.631104375738945	NA
254	hsa-miR-320d&iso_add3p:1&iso-19-B0NKZ0EY	14.8031665173331	44.51813485189	91.0205855204211	105.468809116966	36.9204230593005	19.8700060776936	6.57283633998006	12.7644542852094	41.4923019710992	2.09730673616375	0.662163839094471	0.000136807145613426	0.00762218191783056
255	hsa-miR-320d&iso_add3p:1&iso-19-B0NKZ0EZ	4.44094995519994	2.02355158417682	0	6.39204903739186	1.35487791043305	0	0	0	1.77642856090021	0.233172390283639	0.743631565371764	0.44829645073939	NA
256	hsa-miR-340-5p&NA&iso-22-YLDFI0EUQ	2.96063330346663	3.70984457099084	0	0	2.03231686564957	1.98700060776936	16.4320908499501	7.9777839282559	4.3874587657603	-1.01379384058851	1.10665380499087	0.0582057351463029	NA
257	hsa-miR-340-5p&iso_3p:-1&iso-21-YLDFI0EUE	1.48031665173331	2.69806877890243	0	0	0.338719477608262	3.97400121553872	3.28641816999003	1.59555678565118	1.67163513492799	-0.343531176237885	0.773684619600302	0.322286598002535	NA
258	hsa-miR-342-5p&iso_3p:+1,iso_5p:+1&iso-21-R3QQN4IU0	0	0	0	0	0	0	3.28641816999003	7.9777839282559	1.40802526228074	-0.159471817238531	0.797908774959987	0.179907319529235	NA
259	hsa-miR-342-5p&iso_3p:-1&iso-20-1KXXWW5Y	0	1.01177579208841	0	0	0.338719477608262	3.97400121553872	3.28641816999003	4.78667035695354	1.67469812652237	-0.667639498304953	1.05437443604959	0.0884267109305381	NA
260	hsa-miR-361-3p&NA&iso-23-8RJ37EWU0Q	1.48031665173331	1.68629298681402	0	0	2.03231686564957	1.98700060776936	2.62913453599202	1.59555678565118	1.42632730420118	-0.180698955057531	0.712231311632634	0.584259856598756	NA
261	hsa-miR-361-3p&iso_3p:+1&iso-24-8RJ37EWUKP	7.40158325866657	4.38436176571644	4.55102927602105	3.19602451869593	5.08079216412392	1.98700060776936	1.31456726799601	0	3.48941985737366	0.245989625334266	0.665712154259171	0.5145413455626	NA
262	hsa-miR-361-3p&iso_3p:-1&iso-22-8RJ37EWUQ	8.88189991039988	2.36081018153962	2.27551463801053	1.27840980747837	1.35487791043305	1.98700060776936	8.54468724197407	1.59555678565118	3.53484463540701	-0.696478987980066	0.855682463070088	0.124264922703016	NA
263	hsa-miR-361-3p&iso_5p:+1&iso-22-KR14XNNEQ	0	0	0	0.639204903739186	0	1.98700060776936	5.25826907198404	0	0.985559322936574	-0.37120591572277	0.868377392071925	0.13040668432169	NA
264	hsa-miR-3615&NA&iso-21-W7MI3SMID	0	0.337258597362803	0	0	0.338719477608262	1.98700060776936	9.20197087597208	0	1.48311869483906	-0.629784243274415	1.09786577697364	0.0627334853317373	NA
265	hsa-miR-3615&iso_3p:-1&iso-20-W7MI3SMI	4.44094995519994	2.36081018153962	2.27551463801053	1.91761471121756	2.70975582086609	7.94800243107744	14.4602399479561	6.38222714260472	5.311889353559	-1.14668784050537	0.909942763208194	0.0363257342707726	NA
266	hsa-miR-3615&iso_add3p:1&iso-22-W7MI3SMI3	0	0.337258597362803	0	0	1.35487791043305	5.96100182330808	1.31456726799601	0	1.12096319988749	-0.248508972200195	0.774272340733474	0.388547985153045	NA
267	hsa-miR-375-3p&iso_3p:+1&iso-23-ZWWNMILWDS	0	0.674517194725607	2.27551463801053	0	1.69359738804131	0	0	3.19111357130236	0.979342849009975	0.0630409394271065	0.730528275796443	0.809583272790237	NA
268	hsa-miR-375-3p&iso_3p:-1&iso-21-ZWWNMILW0	2.96063330346663	24.9571362048474	2.27551463801053	3.19602451869593	14.226218059547	23.8440072932323	4.60098543798604	15.9555678565118	11.5020109140372	0.0127065383337021	0.582921893626256	0.976519297460797	0.976519297460797
269	hsa-miR-375-3p&iso_3p:-2&iso-20-ZWWNMILW	0	3.03532737626523	0	0.639204903739186	0.338719477608262	1.98700060776936	1.31456726799601	1.59555678565118	1.11379705237865	-0.0141022485835824	0.705645057735739	0.961771907484214	NA
270	hsa-miR-375-3p&iso_add3p:1&iso-22-ZWWNMILWN	0	1.34903438945121	0	0	1.69359738804131	1.98700060776936	1.97185090199402	3.19111357130236	1.27407460731978	-0.183360582899737	0.727725145587177	0.56111468483786	NA
271	hsa-miR-378a-3p&NA&iso-22-E8EY5MF0M	20.7244331242664	55.3104099674998	54.6123513122526	75.426178641224	28.7911555967022	7.94800243107744	11.1738217779661	14.3600110708606	33.5432954902311	1.67363276283243	0.628749160101628	0.00106524437201413	0.0190222209288237
272	hsa-miR-378a-3p&iso_3p:+1&iso-23-E8EY5MF0DV	0	1.68629298681402	0	9.58807355608779	4.4033532089074	1.98700060776936	2.62913453599202	3.19111357130236	2.93562105835912	0.318606002995337	0.716324169900749	0.396571567113168	NA
273	hsa-miR-378a-3p&iso_3p:+1,iso_snv&iso-23-38EY5MF0DV	0	2.02355158417682	0	1.91761471121756	0	0	0.657283633998005	0	0.574806241174048	0.165352675322251	0.772352470331206	0.566052560160057	NA
274	hsa-miR-378a-3p&iso_3p:-1&iso-21-E8EY5MF00	76.9764658901323	72.8478570303655	63.7144098642947	252.485936976979	45.7271294771153	41.7270127631566	19.0612253859422	11.1688974995583	72.9636168609429	1.09184250405756	0.720302283066575	0.0290931979068409	0.100521209254197
275	hsa-miR-378a-3p&iso_add3p:1&iso-22-E8EY5MF0N	16.2834831690665	17.8747056602286	13.6530878280632	30.0426304757417	11.1777427610726	9.9350030388468	5.25826907198404	6.38222714260472	13.825893643451	0.598124010369881	0.611741862746504	0.164976950971962	0.261039479386015
276	hsa-miR-378a-3p&iso_add3p:1&iso-23-E8EY5MF0DW	13.3228498655998	43.1691004624388	15.9286024660737	55.6108266253092	21.6780465669287	7.94800243107744	22.3476435559322	25.5289085704189	25.6917475679723	0.647450054040275	0.579803182184757	0.132013023726563	0.229046549613144
277	hsa-miR-378a-3p&iso_add3p:2&iso-24-E8EY5MF0IH	2.96063330346663	5.05887896044205	0	7.03125394113105	2.37103634325783	1.98700060776936	1.31456726799601	1.59555678565118	2.78986590121426	0.325528604100891	0.708096327340656	0.392153459184284	NA
278	hsa-miR-378a-3p&iso_add3p:3&iso-25-E8EY5MF0Q0	1.48031665173331	1.68629298681402	2.27551463801053	5.75284413365268	0.677438955216523	0	1.31456726799601	0	1.64837182917788	0.367277259593553	0.789069558682063	0.290880599387461	NA
279	hsa-miR-378a-3p&iso_snv&iso-22-38EY5MF0M	4.44094995519994	4.72162036307925	11.3775731900526	8.94886865234861	2.37103634325783	0	0	0	3.98250606299228	1.09313148462325	1.30020709055786	0.0426659193156088	NA
280	hsa-miR-378d&iso_add3p:1&iso-20-E8EY5MF0	0	3.37258597362803	0	8.94886865234861	0.677438955216523	1.98700060776936	0	3.19111357130236	2.27212597003311	0.334381876707935	0.773451856741527	0.309211870547714	NA
281	hsa-miR-381-3p&NA&iso-22-V5DK2JW7N	2.96063330346663	4.38436176571644	0	0.639204903739186	2.37103634325783	0	7.88740360797607	0	2.28032999051952	-0.130274241052071	0.685845850320358	0.706670248354854	NA
282	hsa-miR-409-3p&iso_3p:-2&iso-20-O4ZIM4BR	2.96063330346663	1.01177579208841	0	0.639204903739186	0	0	3.28641816999003	0	0.987254021160532	-0.253249918612197	0.777933303420029	0.384988905299825	NA
283	hsa-miR-423-3p&NA&iso-23-F9R75JK9Z	34.0472829898662	13.8276024918749	18.2041171040842	3.19602451869593	10.1615843282478	15.8960048621549	20.3757926539382	25.5289085704189	17.6546646899101	-0.74406032197456	0.622765730660834	0.091242222138696	0.178207465114641
284	hsa-miR-423-3p&iso_3p:-1&iso-22-F9R75JK9H	7.40158325866657	2.36081018153962	6.82654391403158	3.19602451869593	4.74207268651566	5.96100182330808	16.4320908499501	14.3600110708606	7.66001728794603	-0.924169833814799	0.770337979469819	0.0586593949069175	0.141008160833936
285	hsa-miR-423-3p&iso_3p:-2&iso-21-F9R75JK9B	4.44094995519994	4.38436176571644	2.27551463801053	1.27840980747837	2.70975582086609	9.9350030388468	11.8311054119641	3.19111357130236	5.00577675117308	-0.71996318581405	0.787446333879993	0.122189905926945	NA
286	hsa-miR-423-3p&iso_5p:-1&iso-24-DIMMXKK7FZ	0	1.34903438945121	0	0	1.01615843282479	1.98700060776936	0.657283633998005	3.19111357130236	1.02507382941822	-0.152079943510377	0.733555533766869	0.610160046731387	NA
287	hsa-miR-423-3p&iso_add3p:2&iso-25-F9R75JK91P	2.96063330346663	1.68629298681402	2.27551463801053	0.639204903739186	1.01615843282479	0	3.28641816999003	0	1.48302780435565	-0.0820928499528381	0.693634323821529	0.796934351898724	NA
288	hsa-miR-423-5p&NA&iso-23-XK6PFJ5D0Q	1643.15148342398	490.036741968153	1142.30834828128	1143.5375727894	755.344435066424	1005.4223075313	914.281534891226	802.565063182543	987.080935891789	-0.217318229448153	0.427237367590941	0.539163199977128	0.636691345680345
289	hsa-miR-423-5p&iso_3p:+1&iso-24-XK6PFJ5DKQ	72.5355159349324	26.6434291916615	63.7144098642947	26.8466059570458	22.3554855221453	21.857006685463	46.6671380138584	44.675589998233	40.6618976459543	-0.297106326884424	0.492320735737064	0.435345596771859	0.549678783802852
290	hsa-miR-423-5p&iso_3p:-1&iso-22-XK6PFJ5DQ	355.275996415995	99.1540276246642	243.480066267126	374.574073591163	145.649375371553	270.232082656633	159.062639427517	156.364564993816	225.474103293558	-0.0807892452065271	0.457772290527826	0.823311723454595	0.857616378598537
291	hsa-miR-423-5p&iso_3p:-2&iso-21-XK6PFJ5DE	1151.68635504852	379.415922033154	771.399462285568	1006.10851848548	631.034386784191	1218.03137256262	433.149914804686	601.524908190495	774.043855024339	-0.194942907242043	0.447639456910274	0.591196822661771	0.667059974667419
292	hsa-miR-423-5p&iso_3p:-3&iso-20-XK6PFJ5D	79.937099193599	28.3297221784755	36.4082342081684	77.3437933524415	30.4847529847436	63.5840194486195	32.2068980659023	46.2711467838842	49.3207082769792	-0.229707487475823	0.474473325452352	0.539914261136933	0.636691345680345
293	hsa-miR-423-5p&iso_add3p:1&iso-23-XK6PFJ5D05	4.44094995519994	0.337258597362803	0	0.639204903739186	1.35487791043305	0	0.657283633998005	0	0.928696875091623	-0.135520589369708	0.734082481996842	0.645985477390885	NA
294	hsa-miR-423-5p&iso_add3p:1&iso-23-XK6PFJ5D0O	1.48031665173331	1.68629298681402	2.27551463801053	1.27840980747837	2.37103634325783	3.97400121553872	1.97185090199402	1.59555678565118	2.07912241630975	-0.0631868320170802	0.659038805656871	0.854796909752298	NA
295	hsa-miR-423-5p&iso_add3p:1&iso-23-XK6PFJ5D0P	13.3228498655998	2.36081018153962	0	12.7840980747837	3.38719477608262	3.97400121553872	4.60098543798604	3.19111357130236	5.45263164035411	-0.136465021003756	0.619105703378526	0.719327315266826	NA
296	hsa-miR-423-5p&iso_add3p:1&iso-24-XK6PFJ5DKO	35.5275996415995	4.38436176571644	18.2041171040842	14.0625078822621	14.9036570147635	15.8960048621549	16.4320908499501	17.551124642163	17.1201829703367	-0.468469643610618	0.565323326774094	0.25046340301293	0.359861211225474
297	hsa-miR-423-5p&iso_add3p:1&iso-24-XK6PFJ5DKP	1.48031665173331	2.69806877890243	9.10205855204211	3.19602451869593	0.677438955216523	1.98700060776936	1.97185090199402	0	2.63909487079421	0.364734633748567	0.748971606089856	0.317886274233538	NA
298	hsa-miR-423-5p&iso_add3p:2&iso-23-XK6PFJ5D03	2.96063330346663	0.674517194725607	0	2.55681961495674	1.01615843282479	3.97400121553872	1.97185090199402	1.59555678565118	1.84369218114471	-0.303228124802202	0.729932699386015	0.391574705885252	NA
299	hsa-miR-423-5p&iso_add3p:2&iso-23-XK6PFJ5D0H	82.8977324970656	31.3650495547407	61.4388952262842	86.9318669085293	49.7917632084145	105.311032211776	40.7515853078763	57.4400442834425	64.4909961497661	-0.20925203309203	0.461283301755479	0.570403739022034	0.660367286672381
300	hsa-miR-423-5p&iso_add3p:2&iso-25-XK6PFJ5DZP	158.393881735465	43.8436176571644	122.877790452568	88.2102767160077	66.3890176112193	91.4020279573906	65.0710797658026	74.9911689256055	88.8973576026529	-0.195729101871016	0.454441620658599	0.592349257504668	0.667059974667419
301	hsa-miR-423-5p&iso_add3p:3&iso-23-XK6PFJ5DDH	13.3228498655998	4.38436176571644	4.55102927602105	8.30966374860942	3.72591425369088	5.96100182330808	5.25826907198404	6.38222714260472	6.48691461844181	-0.265489660996338	0.590022124734757	0.502317343923702	0.615584980298654
302	hsa-miR-423-5p&iso_add3p:3&iso-23-XK6PFJ5DDQ	2.96063330346663	1.34903438945121	4.55102927602105	5.75284413365268	2.03231686564957	1.98700060776936	1.97185090199402	3.19111357130236	2.97447788116336	0.122120676227436	0.645029571953326	0.737579071028122	NA
303	hsa-miR-423-5p&iso_add3p:3&iso-23-XK6PFJ5DDS	0	0.674517194725607	0	2.55681961495674	0.677438955216523	3.97400121553872	0.657283633998005	0	1.06750757680445	-0.00047755460766717	0.714854110987595	0.997394544044751	NA
304	hsa-miR-423-5p&iso_add3p:4&iso-23-XK6PFJ5E0Q	1.48031665173331	0.337258597362803	0	1.27840980747837	1.01615843282479	0	1.31456726799601	1.59555678565118	0.877783442880808	-0.101064171021336	0.720368376600684	0.74518657963307	NA
305	hsa-miR-423-5p&iso_snv&iso-23-6K6PFJ5D0Q	13.3228498655998	6.74517194725607	11.3775731900526	16.6193274972188	8.46798694020654	11.9220036466162	10.5165381439681	7.9777839282559	10.8686543948968	-0.0186233032158534	0.518830469769442	0.959214897188718	0.966950501198304
306	hsa-miR-423-5p&iso_snv&iso-23-FK6PFJ5D0Q	4.44094995519994	0.674517194725607	4.55102927602105	1.91761471121756	1.01615843282479	0	2.62913453599202	3.19111357130236	2.30256470966042	-0.171587662993629	0.683646524793559	0.611683195825265	NA
307	hsa-miR-423-5p&iso_snv&iso-23-XK6PFJ5J0Q	4.44094995519994	2.69806877890243	4.55102927602105	5.11363922991349	3.38719477608262	5.96100182330808	1.97185090199402	4.78667035695354	4.1138006372969	-0.0371152873623892	0.604443225078476	0.919180765560474	NA
308	hsa-miR-423-5p&iso_snv&iso-23-XK6PFJ5M0Q	8.88189991039988	1.34903438945121	0	3.83522942243512	2.70975582086609	1.98700060776936	1.97185090199402	1.59555678565118	2.79129097982086	-0.227223938329629	0.675683285599384	0.537537336770519	NA
309	hsa-miR-423-5p&iso_snv&iso-23-YK6PFJ5D0Q	0	0.674517194725607	2.27551463801053	1.27840980747837	0.677438955216523	3.97400121553872	0.657283633998005	0	1.19214568062097	0.0100668481332376	0.709911595296059	0.973995553413353	NA
310	hsa-miR-423-5p&iso_snv_central&iso-23-XK6P1J5D0Q	5.92126660693326	1.01177579208841	2.27551463801053	4.4744343261743	2.37103634325783	1.98700060776936	5.91555270598205	0	2.99457262752697	-0.169875741552488	0.658652768397323	0.642524915590928	NA
311	hsa-miR-423-5p&iso_snv_central&iso-23-XK6P6J5D0Q	7.40158325866657	1.68629298681402	6.82654391403158	7.03125394113105	4.4033532089074	11.9220036466162	2.62913453599202	3.19111357130236	5.63640988293264	-0.140643343321061	0.604215887028391	0.70808780474611	NA
312	hsa-miR-423-5p&iso_snv_central_offset&iso-23-XK68FJ5D0Q	7.40158325866657	3.37258597362803	2.27551463801053	1.91761471121756	3.72591425369088	1.98700060776936	4.60098543798604	6.38222714260472	3.95792825294671	-0.338127815765773	0.653781930748233	0.398897711828432	NA
313	hsa-miR-423-5p&iso_snv_central_offset&iso-23-XK6SFJ5D0Q	2.96063330346663	1.34903438945121	0	1.91761471121756	2.03231686564957	1.98700060776936	0.657283633998005	0	1.36298543894404	0.0272518793303425	0.693218893774073	0.9312596238572	NA
314	hsa-miR-423-5p&iso_snv_central_offset&iso-23-XK6YFJ5D0Q	2.96063330346663	1.34903438945121	2.27551463801053	1.91761471121756	2.03231686564957	0	4.60098543798604	6.38222714260472	2.68979081104828	-0.321571433559237	0.701438431926633	0.395430285069073	NA
315	hsa-miR-423-5p&iso_snv_central_supp&iso-23-XK6PF35D0Q	1.48031665173331	0.674517194725607	2.27551463801053	3.19602451869593	2.03231686564957	5.96100182330808	1.97185090199402	1.59555678565118	2.39838742247103	-0.118504835850675	0.663361750302106	0.732370072139093	NA
316	hsa-miR-423-5p&iso_snv_central_supp&iso-23-XK6PFJ7D0Q	0	0.674517194725607	0	2.55681961495674	0.677438955216523	1.98700060776936	0.657283633998005	0	0.81913250083328	0.0970557169023978	0.731234282707372	0.694244600888164	NA
317	hsa-miR-423-5p&iso_snv_central_supp&iso-23-XK6PFJDD0Q	1.48031665173331	0.337258597362803	0	2.55681961495674	1.69359738804131	0	0	3.19111357130236	1.15738822792457	0.0250096776530795	0.712220787260169	0.929677236069087	NA
318	hsa-miR-423-5p&iso_snv_central_supp&iso-23-XK6PFJRD0Q	4.44094995519994	1.68629298681402	4.55102927602105	3.83522942243512	3.38719477608262	3.97400121553872	3.28641816999003	3.19111357130236	3.54402867167298	-0.0776103731938501	0.61596231082971	0.833638898270623	NA
319	hsa-miR-423-5p&iso_snv_central_supp&iso-23-XK6PFK5D0Q	1.48031665173331	0.337258597362803	0	1.27840980747837	2.37103634325783	3.97400121553872	1.31456726799601	4.78667035695354	1.94278253004007	-0.337801840612035	0.748384859372301	0.34336005233275	NA
320	hsa-miR-423-5p&iso_snv_seed&iso-23-986PFJ5D0Q	74.0158325866657	22.5963260233078	54.6123513122526	38.3522942243512	26.4201192534444	19.8700060776936	31.5496144319043	28.7200221417212	37.0170707564176	-0.092947693771199	0.48049726350626	0.802152898321512	0.849738239747365
321	hsa-miR-423-5p&iso_snv_seed&iso-23-9K6PFJ5D0Q	13.3228498655998	7.75694773934448	29.5816902941368	19.8153520159148	11.5164622386809	17.8830054699242	14.4602399479561	7.9777839282559	15.2892914374766	0.164515840390376	0.521674221275506	0.671583220452794	0.736664457421949
322	hsa-miR-423-5p&iso_snv_seed&iso-23-X26PFJ5D0Q	2.96063330346663	0.337258597362803	2.27551463801053	0.639204903739186	1.35487791043305	3.97400121553872	0.657283633998005	0	1.52484677531861	-0.16685929700956	0.715544971532234	0.57511467731011	NA
323	hsa-miR-423-5p&iso_snv_seed&iso-23-X86PFJ5D0Q	8.88189991039988	4.72162036307925	6.82654391403158	8.30966374860942	6.43567007455697	11.9220036466162	5.91555270598205	3.19111357130236	7.02550849182221	-0.0818233511349957	0.55867865357301	0.830285442588749	0.857732895236311
324	hsa-miR-423-5p&iso_snv_seed&iso-23-XKFPFJ5D0Q	1.48031665173331	0.337258597362803	0	1.27840980747837	2.03231686564957	1.98700060776936	0.657283633998005	0	0.971573270498928	0.0081019028081467	0.711609621747994	0.970832493455845	NA
325	hsa-miR-423-5p&iso_snv_seed&iso-23-XKOPFJ5D0Q	0	0.674517194725607	2.27551463801053	1.27840980747837	1.69359738804131	0	0.657283633998005	0	0.822415332781727	0.298068116344113	0.804662619648225	0.344859358568157	NA
326	hsa-miR-423-5p&iso_snv_seed&iso-23-XKR0FJ5D0Q	4.44094995519994	1.01177579208841	0	0.639204903739186	1.35487791043305	3.97400121553872	1.97185090199402	1.59555678565118	1.87352718308056	-0.495749317122961	0.82900632388929	0.20164499541921	NA
327	hsa-miR-423-5p&iso_snv_seed&iso-23-XKRPFJ5D0Q	2.96063330346663	0.674517194725607	0	3.19602451869593	1.35487791043305	0	0	0	1.02325661591515	0.129720599277636	0.735585669933084	0.646487969554755	NA
328	hsa-miR-4429&iso_snv_central_supp&iso-21-B0NKN01J0	2.96063330346663	1.34903438945121	2.27551463801053	3.19602451869593	0	1.98700060776936	0.657283633998005	0	1.55318638642396	0.048141687680344	0.70089025649112	0.872310086083039	NA
329	hsa-miR-451a&iso_3p:-1&iso-21-B175JXN0E	1178.33205477972	790.534152218411	336.776166425558	53.6932119140916	1380.62059073127	2090.32463937337	1735.22879375473	3358.64703379573	1365.51958037411	-1.21817159669722	0.750747930371874	0.0187340448404386	0.093670224202193
330	hsa-miR-451a&iso_3p:-2&iso-20-B175JXN0	51.811082810666	37.4357043072712	2.27551463801053	1.91761471121756	48.0981658203732	49.675015194234	69.0147815697906	118.071202138187	47.2873851487188	-1.04047014869716	0.80606626828786	0.0427206146804809	0.121003357323337
331	hsa-miR-451a&iso_add3p:1&iso-22-B175JXN0O	11.8425332138665	12.8158266997865	0	0	14.5649375371553	11.9220036466162	20.3757926539382	36.6978060699771	13.5273624776675	-0.715494775860379	0.799322949776199	0.123739783641945	0.217851731763987
332	hsa-miR-451a&iso_add3p:2&iso-22-B175JXN02	1.48031665173331	1.34903438945121	0	0	1.01615843282479	0	3.28641816999003	3.19111357130236	1.29038015191271	-0.300060912575506	0.770409087915603	0.363677685789166	NA
333	hsa-miR-451a&iso_add3p:2&iso-22-B175JXN0H	1.48031665173331	1.68629298681402	2.27551463801053	0	4.74207268651566	1.98700060776936	1.97185090199402	1.59555678565118	1.96732565731101	0.0815085328891178	0.677650937687301	0.810460213094494	NA
334	hsa-miR-451a&iso_snv_seed,iso_3p:-1&iso-21-B155JXN0E	2.96063330346663	0	0	0	1.69359738804131	0	0	6.38222714260472	1.37955722926408	-0.297822842072304	0.80312665867154	0.290664709493094	NA
335	hsa-miR-451a&iso_snv_seed,iso_3p:-1&iso-21-B1I5JXN0E	1.48031665173331	1.01177579208841	0	0	2.37103634325783	0	0.657283633998005	3.19111357130236	1.08894074904749	-0.0687120296044407	0.714536892162699	0.818748279345214	NA
336	hsa-miR-483-5p&NA&iso-22-DDR0O0DKH	4.44094995519994	9.10598212879569	31.8572049321474	53.0540070103524	9.14542589542306	1.98700060776936	0.657283633998005	4.78667035695354	14.3793155650799	2.64036265606495	1.00166461815322	0.000505854456227934	0.0135159987931003
337	hsa-miR-483-5p&iso_3p:+1&iso-23-DDR0O0DKZ	0	2.02355158417682	6.82654391403158	8.94886865234861	5.08079216412392	0	0	4.78667035695354	3.45830333395431	0.800856097319051	1.06513779135377	0.0761057518271396	NA
338	hsa-miR-483-5p&iso_3p:-1&iso-21-DDR0O0DKB	0	0.674517194725607	0	3.83522942243512	0.677438955216523	0	1.97185090199402	1.59555678565118	1.09432415750281	0.0776458056381992	0.713626779606015	0.793216182745016	NA
339	hsa-miR-483-5p&iso_3p:-2&iso-20-DDR0O0DK	4.44094995519994	9.7804993235213	47.7858073982211	100.355169887052	17.6134128356296	7.94800243107744	4.60098543798604	4.78667035695354	24.6639372032051	2.60253127893394	0.86638730160026	0.000182932366027933	0.00762218191783056
340	hsa-miR-483-5p&iso_5p:+1&iso-21-FH6KB2120	1.48031665173331	1.68629298681402	6.82654391403158	6.39204903739186	0.338719477608262	1.98700060776936	0	1.59555678565118	2.53830993262495	0.407326523329318	0.794805296119771	0.241435668286295	NA
341	hsa-miR-483-5p&iso_add3p:1&iso-22-DDR0O0DKI	0	0	0	2.55681961495674	2.03231686564957	0	0	1.59555678565118	0.773086658282187	0.157017932945589	0.761724977032367	0.500778302283823	NA
342	hsa-miR-483-5p&iso_snv&iso-23-DDR0O0DKS	1.48031665173331	0.674517194725607	2.27551463801053	7.03125394113105	1.01615843282479	0	1.31456726799601	0	1.72404101580266	0.381356639810478	0.799422972280649	0.27187652380641	NA
343	hsa-miR-484&iso_3p:-2&iso-20-8K4P8R8S	1.48031665173331	0.337258597362803	2.27551463801053	0	1.01615843282479	1.98700060776936	1.97185090199402	3.19111357130236	1.53240167512465	-0.34554386274914	0.780504379843484	0.26704420573833	NA
344	hsa-miR-486-3p&NA&iso-21-MKJIJLJ2E	7.40158325866657	1.01177579208841	0	0	2.03231686564957	1.98700060776936	2.62913453599202	3.19111357130236	2.28161557893354	-0.637872106193487	0.93028837249361	0.129332525943158	NA
345	hsa-miR-486-5p&NA&iso-22-8YUYFYKSH	630.614893638392	240.465379919679	125.153305090579	62.0028756627011	426.78654178641	858.384262556363	311.552442515055	432.39588891147	385.919448760081	-1.02506562271846	0.617552817550386	0.0262258307592141	0.0993402680273261
346	hsa-miR-486-5p&iso_3p:-1&iso-21-8YUYFYKSB	8.88189991039988	1.34903438945121	0	0	4.06463373129914	7.94800243107744	5.91555270598205	9.57334071390708	4.7165579852646	-1.31798953002137	1.13653796592859	0.0297398690300454	NA
347	hsa-miR-486-5p&iso_3p:-2&iso-20-8YUYFYKS	364.157896326395	137.264249126661	77.3674976923579	31.9602451869593	255.055766639021	713.3332181892	264.228020867198	426.013661768865	283.672569474582	-1.45669432719844	0.655728502080442	0.00409452585201218	0.0465287028637748
348	hsa-miR-486-5p&iso_3p:-3&iso-19-8YUYFY1J	4.44094995519994	0	0	0	0.677438955216523	5.96100182330808	0.657283633998005	1.59555678565118	1.66652889417172	-0.868615751261917	1.40123662241265	0.0397047283103206	NA
349	hsa-miR-486-5p&iso_add3p:1&iso-22-8YUYFYKSI	0	3.03532737626523	0	0.639204903739186	2.37103634325783	0	2.62913453599202	3.19111357130236	1.48322709131958	0.0257963211911205	0.692030572380943	0.937160529743343	NA
350	hsa-miR-486-5p&iso_add3p:1&iso-23-8YUYFYKSY	2.96063330346663	2.36081018153962	0	0.639204903739186	3.38719477608262	5.96100182330808	3.94370180398803	1.59555678565118	2.60601294722192	-0.306263028432186	0.699877017454016	0.420815073467235	NA
351	hsa-miR-486-5p&iso_add3p:1&iso-23-8YUYFYKSZ	102.141848969599	55.6476685648625	18.2041171040842	7.67045884487023	82.3088330588076	164.921050444857	76.2449015437686	87.7556232108149	74.3618127177079	-0.950448779015393	0.660761706309554	0.0435612086364012	0.121003357323337
352	hsa-miR-486-5p&iso_add3p:2&iso-24-8YUYFYKSE6	1.48031665173331	0.674517194725607	0	0	2.37103634325783	5.96100182330808	1.97185090199402	4.78667035695354	2.15567415899655	-0.531547976484808	0.865782168167068	0.172019146585656	NA
353	hsa-miR-486-5p&iso_snv&iso-22-8YUYFYKS4	1.48031665173331	2.02355158417682	0	0	1.01615843282479	3.97400121553872	1.31456726799601	0	1.22607439403371	-0.151060517549883	0.723753237308916	0.622341425686244	NA
354	hsa-miR-486-5p&iso_snv&iso-22-KYUYFYKSH	2.96063330346663	0.674517194725607	0	0	2.03231686564957	0	0.657283633998005	0	0.790593874729976	-0.0298156977829359	0.728080495280204	0.923251055384898	NA
355	hsa-miR-486-5p&iso_snv_central_offset&iso-22-8YUSFYKSH	4.44094995519994	0	0	0	1.01615843282479	1.98700060776936	1.31456726799601	1.59555678565118	1.29427913118016	-0.510837116305418	0.93330556081943	0.129522042859051	NA
356	hsa-miR-486-5p&iso_snv_central_supp&iso-22-8YUYFY3HH	4.44094995519994	0.674517194725607	0	0.639204903739186	2.37103634325783	1.98700060776936	0.657283633998005	0	1.34624907983624	-0.134550496298632	0.711224560214093	0.666507397621873	NA
357	hsa-miR-486-5p&iso_snv_seed&iso-22-8SUYFYKSH	4.44094995519994	1.01177579208841	2.27551463801053	0	2.37103634325783	1.98700060776936	0	0	1.51078466704076	-0.0280966659228021	0.705982327391707	0.921578819321794	NA
358	hsa-miR-486-5p&iso_snv_seed&iso-22-8YYYFYKSH	0	1.68629298681402	2.27551463801053	0	3.38719477608262	3.97400121553872	3.28641816999003	6.38222714260472	2.62395611613008	-0.243432778268774	0.700804969002043	0.491086241553094	NA
359	hsa-miR-501-3p&iso_3p:-2&iso-20-DV0S6O6N	7.40158325866657	3.37258597362803	11.3775731900526	2.55681961495674	4.4033532089074	7.94800243107744	1.97185090199402	3.19111357130236	5.27786026882315	-0.00143208002126268	0.601496591974837	0.994884172475696	NA
360	hsa-miR-532-5p&iso_3p:-1&iso-21-JVNU7L610	0	0.337258597362803	0	0	2.37103634325783	3.97400121553872	1.97185090199402	1.59555678565118	1.28121298047557	-0.210085963028784	0.741797813642552	0.497281286063087	NA
361	hsa-miR-532-5p&iso_add3p:1&iso-22-JVNU7L61M	0	2.69806877890243	0	0	0.677438955216523	1.98700060776936	4.60098543798604	3.19111357130236	1.64432591889709	-0.287030715940337	0.753983805144872	0.392471943077201	NA
362	hsa-miR-543&NA&iso-22-BFYVRVE9Q	0	1.01177579208841	0	0	0	0	3.28641816999003	4.78667035695354	1.135608039879	-0.349527439291286	0.840244703320283	0.214350397228091	NA
363	hsa-miR-582-3p&NA&iso-22-UIRYBONBJ	4.44094995519994	0	4.55102927602105	0	0.338719477608262	1.98700060776936	5.25826907198404	7.9777839282559	3.06921903960482	-0.890315468099042	1.26524409701498	0.0210823894200124	NA
364	hsa-miR-582-3p&iso_add3p:1&iso-22-UIRYBONB3	1.48031665173331	0	0	0	0.677438955216523	0	7.23011997397806	6.38222714260472	1.97126284044158	-1.32201219030629	2.50598917993133	0.0215960228566238	NA
365	hsa-miR-629-5p&NA&iso-21-93YHZKFDE	28.126016382933	9.44324072615849	38.683748846179	13.4233029785229	8.12926746259828	43.7140133709259	13.1456726799601	19.1466814278142	21.7264929843865	-0.378461500360441	0.561765386537913	0.340518991032443	0.462661672598428
366	hsa-miR-629-5p&iso_3p:+1&iso-22-93YHZKFDQ	22.2047497759997	4.72162036307925	11.3775731900526	6.39204903739186	1.69359738804131	5.96100182330808	10.5165381439681	4.78667035695354	8.45672500984931	-0.496564648203547	0.664149698070831	0.233536718342287	0.344236103834123
367	hsa-miR-629-5p&iso_3p:-1&iso-20-93YHZKFD	1.48031665173331	1.34903438945121	0	1.91761471121756	0.677438955216523	1.98700060776936	2.62913453599202	1.59555678565118	1.4545120796289	-0.197774798385304	0.707227496434723	0.558543600730877	NA
368	hsa-miR-629-5p&iso_add3p:1&iso-21-93YHZKFDD	4.44094995519994	1.01177579208841	2.27551463801053	2.55681961495674	1.69359738804131	3.97400121553872	1.97185090199402	3.19111357130236	2.6394528846415	-0.29073100376963	0.687948877433351	0.432930384101325	NA
369	hsa-miR-629-5p&iso_add3p:2&iso-23-93YHZKFD0H	0	0.337258597362803	0	1.27840980747837	1.01615843282479	5.96100182330808	0	1.59555678565118	1.27354818082815	-0.195649132879717	0.744050622545427	0.503083334910608	NA
370	hsa-miR-629-5p&iso_snv_seed&iso-21-9KYHZKFDE	1.48031665173331	0.337258597362803	0	3.83522942243512	1.69359738804131	5.96100182330808	0	1.59555678565118	1.86287008356648	-0.0805028502800958	0.695605456714186	0.794484133474517	NA
371	hsa-miR-7-5p&iso_3p:-1&iso-23-9BOX7EZW0N	1.48031665173331	1.68629298681402	0	0.639204903739186	1.69359738804131	1.98700060776936	0.657283633998005	3.19111357130236	1.41685121792469	-0.125964544915429	0.697939663120232	0.696458196001546	NA
372	hsa-miR-7-5p&iso_3p:-3&iso-21-9BOX7EZWE	2.96063330346663	1.34903438945121	2.27551463801053	0	3.38719477608262	3.97400121553872	6.57283633998006	3.19111357130236	2.96379102922901	-0.446023586393637	0.755593497408029	0.261680871285651	NA
373	hsa-miR-744-5p&iso_3p:-2&iso-20-X86XRIBP	7.40158325866657	2.02355158417682	0	1.91761471121756	1.35487791043305	0	5.91555270598205	1.59555678565118	2.5260921195159	-0.438254969298353	0.770706142840765	0.265162181274493	NA
374	hsa-miR-744-5p&iso_add3p:1&iso-22-X86XRIBP3	0	0.674517194725607	2.27551463801053	0	0.338719477608262	0	0	9.57334071390708	1.60776150303143	-0.26895014937731	0.781805819022667	0.273964272132759	NA
375	hsa-miR-92a-3p&NA&iso-22-VY2ZSR67N	13.3228498655998	17.200188465503	18.2041171040842	1.27840980747837	23.0329244773618	59.6100182330808	70.3293488377866	86.1600664251637	36.1422404020073	-1.43832727600374	0.803242760250507	0.00994269452382784	0.0649642963452422
376	hsa-miR-92a-3p&iso_3p:-1&iso-21-VY2ZSR670	8.88189991039988	13.1530852971493	4.55102927602105	1.27840980747837	16.9359738804131	49.675015194234	15.1175235819541	27.1244653560701	17.089675287965	-0.832907428890466	0.744813725381802	0.0811964923565461	0.166386254828988
377	hsa-miR-92a-3p&iso_3p:-2&iso-20-VY2ZSR67	1.48031665173331	3.03532737626523	0	0.639204903739186	5.75823111934045	5.96100182330808	17.0893744839481	14.3600110708606	6.04043342864938	-0.970953056868967	0.961213482972456	0.0642408496049661	NA
378	hsa-miR-92a-3p&iso_add3p:1&iso-22-VY2ZSR67M	4.44094995519994	4.04710316835364	2.27551463801053	0.639204903739186	7.79054798499002	7.94800243107744	10.5165381439681	6.38222714260472	5.50501104599295	-0.410364831770894	0.663767812772375	0.322885001773776	NA
379	hsa-miR-92a-3p&iso_snv,iso_3p:+2&iso-24-VY2ZSR67HS	0	0	4.55102927602105	0	1.35487791043305	3.97400121553872	0.657283633998005	1.59555678565118	1.51659360270525	-0.0494585606419248	0.716433579482783	0.850415567249876	NA
380	hsa-miR-941&iso_3p:-1&iso-22-2R6Y9V04P	7.40158325866657	1.34903438945121	9.10205855204211	3.19602451869593	1.35487791043305	0	13.1456726799601	4.78667035695354	5.04199020827531	-0.407664003012945	0.710929137790782	0.296001930562568	NA
381	hsa-miR-941&iso_3p:-2&iso-21-2R6Y9V04E	0	0.674517194725607	0	0.639204903739186	2.37103634325783	1.98700060776936	3.28641816999003	0	1.11977215243525	-0.0755680228029851	0.710734813770015	0.805693758775309	NA
382	hsa-miR-941&iso_add3p:1&iso-23-2R6Y9V040N	2.96063330346663	1.01177579208841	2.27551463801053	3.19602451869593	1.69359738804131	1.98700060776936	21.0330762879362	12.7644542852094	5.86525960265222	-1.51391341113659	1.10618934581839	0.016322275284236	NA
383	hsa-miR-99a-5p&NA&iso-22-BRS28UWYP	4.44094995519994	5.05887896044205	15.9286024660737	9.58807355608779	5.08079216412392	1.98700060776936	9.20197087597208	20.7422382134653	9.00356334989177	-0.0615113469656427	0.570576915838912	0.87021963002398	0.884369542707297
384	hsa-miR-99a-5p&iso_3p:-2&iso-20-BRS28UWY	2.96063330346663	38.4474800993596	20.4796317420947	13.4233029785229	22.016766044537	9.9350030388468	15.7748072159521	14.3600110708606	17.1747044367051	0.720362222193567	0.627650276145853	0.107818165153294	0.19992001193164
385	hsa-miR-99a-5p&iso_5p:+3&iso-19-3L5R57K0	1.48031665173331	1.34903438945121	2.27551463801053	1.91761471121756	1.01615843282479	0	0.657283633998005	3.19111357130236	1.48587950356722	0.053152712185489	0.68933473922721	0.866665143053033	NA
386	hsa-miR-99b-5p&iso_3p:-1&iso-21-2RS20U3YD	1.48031665173331	1.34903438945121	2.27551463801053	3.19602451869593	2.37103634325783	3.97400121553872	1.31456726799601	12.7644542852094	3.59061866373662	-0.372664350935676	0.709125246866825	0.333094115874976	NA
387	hsa-miR-99b-5p&iso_3p:-2&iso-20-2RS20U3Y	11.8425332138665	6.07065475253046	2.27551463801053	8.30966374860942	7.45182850738176	11.9220036466162	15.1175235819541	6.38222714260472	8.67149365394671	-0.478678182010514	0.600315587081287	0.256748795058219	0.364699992980424
